mall_id,name,region,operator,lat,lon,A_dining_count,A_dining_score,B_fitness_count,B_fitness_score,C_engagement_count,C_engagement_score,D_healthcare_count,D_healthcare_score,E_infra_count,E_infra_score,F_partnership_score,pop_catchment,senior_pop_catchment,reach_population_score,mrt_count,bus_count,accessibility_score,engagement_gap_score
0,313@somerset,Central,Unknown,1.301014364040584,103.8383606644851,28,13.526570048309178,1,14.285714285714285,0,0.0,3,17.647058823529413,9,1.8907563025210083,0.0,18920.0,2210.0,8.397327208393648,31,7,34.39077144917087,100.0
1,Alexandra Retail Centre,Central,Unknown,1.27414893629255,103.8013994166651,16,7.729468599033816,1,14.285714285714285,0,0.0,2,11.76470588235294,134,28.15126050420168,0.0,28920.0,5430.0,14.794849774643454,3,9,20.47584715212689,100.0
2,Bugis Junction,Central,CapitaMall Trust,1.299112874758746,103.8554111737572,31,14.975845410628018,2,28.57142857142857,0,0.0,2,11.76470588235294,0,0.0,80.0,20630.0,5350.0,11.96365875500085,47,21,82.1917808219178,100.0
3,Bugis+,Central,CapitaMall Trust,1.299603689902971,103.8542423474883,40,19.32367149758454,3,42.857142857142854,0,0.0,2,11.76470588235294,0,0.0,80.0,23290.0,5900.0,13.372732666598473,48,21,82.87671232876713,100.0
4,Capitol Piazza,Central,Unknown,1.293078847631338,103.8512619821488,14,6.763285024154589,0,0.0,0,0.0,2,11.76470588235294,46,9.663865546218489,0.0,8140.0,1800.0,4.42361137656579,58,13,68.67339581831291,100.0
5,Cathay Cineleisure Orchard,Central,Cathay Organisation,1.30152101873534,103.8364296550156,16,7.729468599033816,1,14.285714285714285,0,0.0,3,17.647058823529413,1,0.21008403361344538,0.0,20960.0,2750.0,9.590824103442664,29,6,30.38932948810382,100.0
6,The Centrepoint,Central,Frasers Centrepoint,1.302303823328855,103.8397581729686,7,3.3816425120772946,2,28.57142857142857,0,0.0,1,5.88235294117647,10,2.100840336134454,26.666666666666664,16230.0,2000.0,7.302918144756092,36,6,35.18385003604902,100.0
7,City Square Mall,Central,Unknown,1.311421031076843,103.8566240199911,34,16.425120772946862,1,14.285714285714285,0,0.0,2,11.76470588235294,34,7.142857142857142,0.0,36830.0,8740.0,20.58378789666672,28,6,29.704397981254502,100.0
8,CityLink Mall,Central,Unknown,1.292777731289308,103.854173501417,27,13.043478260869565,1,14.285714285714285,0,0.0,3,17.647058823529413,10,2.100840336134454,0.0,5380.0,1250.0,2.9813069878734595,51,9,53.352559480894016,100.0
9,Chinatown Point,Central,Unknown,1.284998828474023,103.8446970811421,38,18.357487922705314,1,14.285714285714285,2,100.0,6,35.294117647058826,82,17.22689075630252,0.0,30580.0,7040.0,16.88371312280515,61,12,68.09661139149243,0.0
11,Duo,Central,Unknown,1.299534348916636,103.8584016877393,2,0.966183574879227,1,14.285714285714285,0,0.0,1,5.88235294117647,0,0.0,0.0,28070.0,7110.0,16.116464557657988,38,17,65.50108147080029,100.0
12,Far East Plaza,Central,Unknown,1.307176980711882,103.833792932243,13,6.280193236714976,1,14.285714285714285,0,0.0,2,11.76470588235294,0,0.0,0.0,24080.0,3440.0,11.286431029535901,22,6,25.594808940158615,100.0
13,Funan,Central,Unknown,1.291347596977954,103.8499897900843,24,11.594202898550725,0,0.0,0,0.0,2,11.76470588235294,51,10.714285714285714,0.0,8140.0,1800.0,4.42361137656579,60,14,72.67483777937996,100.0
14,Great World,Central,Unknown,1.293422726500028,103.8320221466545,16,7.729468599033816,1,14.285714285714285,1,50.0,3,17.647058823529413,7,1.4705882352941175,0.0,62510.0,11570.0,31.819474987470958,26,10,38.86085075702955,50.0
15,HDB Hub,Central,Unknown,1.332054851904816,103.8485076430788,26,12.560386473429952,0,0.0,1,50.0,4,23.52941176470588,33,6.932773109243698,0.0,103240.0,21020.0,54.37716364869247,11,11,31.218457101658252,50.0
17,ION Orchard,Central,Unknown,1.303979741445055,103.832032328465,23,11.11111111111111,1,14.285714285714285,0,0.0,5,29.411764705882355,0,0.0,0.0,30970.0,4370.0,14.46398034757381,24,11,40.122566690699344,100.0
18,Jelita Mall,Central,Unknown,1.317545559398872,103.7858505425145,4,1.932367149758454,0,0.0,0,0.0,1,5.88235294117647,8,1.680672268907563,0.0,35810.0,6830.0,18.421157845068375,2,8,17.159336697909154,100.0
19,Junction 8,Central,Unknown,1.350481253450499,103.848760473211,41,19.806763285024154,0,0.0,1,50.0,5,29.411764705882355,12,2.5210084033613445,0.0,57930.0,10040.0,28.836666176635234,10,6,17.375630857966833,50.0
20,Liat Towers,Central,Unknown,1.305087227108509,103.8307225811674,16,7.729468599033816,3,42.857142857142854,0,0.0,8,47.05882352941176,0,0.0,0.0,29940.0,4220.0,13.97848555507694,23,11,39.437635183850034,100.0
21,Lucky Plaza,Central,Unknown,1.304506046466357,103.8339623398165,15,7.246376811594203,2,28.57142857142857,0,0.0,3,17.647058823529413,0,0.0,0.0,25630.0,3700.0,12.049752947100929,25,8,32.9127613554434,100.0
22,Marina Bay Sands,Central,Unknown,1.283994101392069,103.859450636919,10,4.830917874396135,0,0.0,0,0.0,2,11.76470588235294,0,0.0,0.0,60.0,0.0,0.019938286256824114,47,4,37.45493871665465,100.0
23,Marina Bay Link Mall,Central,Unknown,1.280238254460868,103.8533696625463,12,5.797101449275362,1,14.285714285714285,0,0.0,7,41.17647058823529,2,0.42016806722689076,0.0,13910.0,2750.0,7.24807546826583,60,7,54.253785147801004,100.0
24,Marina Square,Central,Unknown,1.291855332730248,103.8585780890598,28,13.526570048309178,1,14.285714285714285,0,0.0,1,5.88235294117647,11,2.3109243697478994,0.0,3160.0,840.0,1.8521199953525076,38,10,47.08002883922134,100.0
25,Millenia Walk,Central,Unknown,1.292605444624933,103.8597249444427,8,3.864734299516908,1,14.285714285714285,0,0.0,0,0.0,6,1.2605042016806722,0.0,3150.0,840.0,1.8487969476430366,32,10,42.97043979812545,100.0
26,Mustafa Centre,Central,Unknown,1.310112131903957,103.8552908739255,17,8.212560386473431,1,14.285714285714285,0,0.0,2,11.76470588235294,34,7.142857142857142,0.0,38350.0,9100.0,21.432621256717596,29,7,33.02090843547224,100.0
27,Ngee Ann City,Central,Ngee Ann Development,1.30224168528687,103.8351819122968,23,11.11111111111111,5,71.42857142857143,0,0.0,10,58.82352941176471,0,0.0,0.0,22270.0,2940.0,10.207556466050413,29,8,35.65248738284066,100.0
28,Orchard Central,Central,Far East Organization,1.300838908392453,103.8394347338989,5,2.4154589371980677,2,28.57142857142857,0,0.0,0,0.0,10,2.100840336134454,0.0,18990.0,2250.0,8.458780776605646,33,7,35.7606344628695,100.0
29,Orchard Gateway,Central,Oversea-Chinese Banking Corporation,1.300443252795456,103.8394427800415,8,3.864734299516908,1,14.285714285714285,0,0.0,2,11.76470588235294,10,2.100840336134454,0.0,19000.0,2250.0,8.462103824315118,33,7,35.7606344628695,100.0
30,Palais Renaissance,Central,City Developments Limited,1.306654845431923,103.8295880451874,4,1.932367149758454,4,57.14285714285714,0,0.0,1,5.88235294117647,0,0.0,0.0,29800.0,4210.0,13.922414828582923,20,4,18.96178803172314,100.0
31,The Paragon,Central,Unknown,1.303872308799947,103.8358575454689,8,3.864734299516908,3,42.857142857142854,0,0.0,8,47.05882352941176,0,0.0,0.0,19260.0,2670.0,8.949521524341241,28,7,32.33597692862293,100.0
32,People's Park Centre,Central,Management Corporation Strata Title 0393,1.285770099818055,103.8439801228374,19,9.178743961352657,1,14.285714285714285,1,50.0,4,23.52941176470588,93,19.537815126050422,0.0,25930.0,5480.0,13.84899880231885,58,11,63.41023792357606,50.0
33,People's Park Complex,Central,People's Park Development,1.284133971784198,103.8425199726656,2,0.966183574879227,0,0.0,1,50.0,0,0.0,57,11.974789915966387,0.0,43370.0,9620.0,23.597290252066024,57,10,60.09372746935833,50.0
34,Plaza Singapura,Central,DBS Land,1.300747709639166,103.8450475734307,35,16.908212560386474,1,14.285714285714285,0,0.0,3,17.647058823529413,133,27.941176470588236,0.0,19450.0,3440.0,9.747859940050974,31,4,26.49603460706561,100.0
35,Raffles City,Central,Tincel Properties,1.293893578633135,103.8531199046559,32,15.458937198067632,1,14.285714285714285,0,0.0,4,23.52941176470588,10,2.100840336134454,0.0,7130.0,1410.0,3.715609274013643,52,17,75.0901225666907,100.0
37,Sim Lim Square,Central,Unknown,1.303024260571796,103.8530378140664,6,2.898550724637681,0,0.0,0,0.0,2,11.76470588235294,0,0.0,0.0,43080.0,10010.0,23.873296152386985,53,14,67.88031723143474,100.0
38,The South Beach,Central,Unknown,1.294988043920564,103.856276242094,24,11.594202898550725,1,14.285714285714285,0,0.0,1,5.88235294117647,5,1.050420168067227,0.0,6920.0,1750.0,3.970459263203237,39,16,63.55443403028118,100.0
39,Square 2,Central,Unknown,1.320705109568455,103.8441607096606,56,27.053140096618357,2,28.57142857142857,0,0.0,16,94.11764705882352,10,2.100840336134454,0.0,55210.0,10020.0,27.91370108253635,5,6,13.950973323720259,100.0
40,Suntec City,Central,Unknown,1.29485990186642,103.860333693777,42,20.28985507246377,0,0.0,0,0.0,5,29.411764705882355,0,0.0,0.0,11530.0,3460.0,7.135102271273042,30,9,38.968997837058396,100.0
41,Tanjong Pagar Centre,Central,Unknown,1.276583606968434,103.8459363035937,16,7.729468599033816,0,0.0,1,50.0,4,23.52941176470588,15,3.1512605042016806,0.0,28210.0,6800.0,15.866997410186379,63,12,69.46647440519106,50.0
42,Tekka Centre,Central,Unknown,1.306247229149706,103.8499560339021,3,1.4492753623188406,0,0.0,0,0.0,2,11.76470588235294,3,0.6302521008403361,0.0,35650.0,7540.0,19.045901239578082,41,5,35.97692862292718,100.0
43,Tiong Bahru Plaza,Central,Unknown,1.286458894728254,103.8270152561934,47,22.705314009661837,0,0.0,1,50.0,9,52.94117647058824,41,8.61344537815126,0.0,79090.0,17070.0,42.58052029855757,13,7,22.0620043258832,50.0
44,Thomson Plaza,Central,Unknown,1.354669024964243,103.830919782333,55,26.570048309178745,1,14.285714285714285,0,0.0,10,58.82352941176471,12,2.5210084033613445,0.0,29390.0,6000.0,15.49527235498985,10,4,12.112472963229992,100.0
46,VivoCity,Central,Unknown,1.264293167839738,103.8223046936493,46,22.22222222222222,1,14.285714285714285,0,0.0,2,11.76470588235294,69,14.495798319327733,0.0,15770.0,3800.0,8.868708491177092,8,4,10.742609949531362,100.0
47,Wheelock Place,Central,Unknown,1.304676287302523,103.8306420275763,19,9.178743961352657,3,42.857142857142854,0,0.0,6,35.294117647058826,0,0.0,0.0,29940.0,4220.0,13.97848555507694,23,9,34.17447728911319,100.0
48,Wisma Atria,Central,Unknown,1.303704774261485,103.8332057528079,9,4.3478260869565215,1,14.285714285714285,0,0.0,1,5.88235294117647,0,0.0,0.0,35610.0,4960.0,16.56920993989233,26,7,30.966113914924293,100.0
49,Bedok Mall,East,Unknown,1.324736327847299,103.929256259998,69,33.33333333333333,0,0.0,1,50.0,8,47.05882352941176,0,0.0,0.0,81840.0,16700.0,43.14108025188925,3,6,12.581110310021629,50.0
50,Century Square,East,Unknown,1.35236829566862,103.9438123022526,40,19.32367149758454,1,14.285714285714285,2,100.0,3,17.647058823529413,10,2.100840336134454,0.0,210650.0,31420.0,100.0,9,9,24.58543619322278,0.0
51,Changi City Point,East,Unknown,1.334036379027078,103.9629176155306,30,14.492753623188406,0,0.0,0,0.0,2,11.76470588235294,0,0.0,0.0,39450.0,5900.0,18.7427777651031,13,9,27.32516222062004,100.0
52,Downtown East,East,Unknown,1.379127178780095,103.9554447581442,20,9.66183574879227,0,0.0,0,0.0,1,5.88235294117647,202,42.436974789915965,20.0,39860.0,3620.0,16.702065369186307,2,2,1.36986301369863,100.0
53,Eastpoint Mall,East,Unknown,1.342705923555769,103.9530246182335,33,15.942028985507244,0,0.0,1,50.0,7,41.17647058823529,14,2.941176470588235,0.0,39450.0,5900.0,18.7427777651031,6,12,30.4253785147801,50.0
54,Jewel Changi Airport,East,Unknown,1.360341006610217,103.9890775502096,24,11.594202898550725,0,0.0,0,0.0,0,0.0,0,0.0,0.0,0.0,0.0,0.0,2,2,1.36986301369863,100.0
55,Katong Shopping Centre,Central,Unknown,1.304097311509515,103.9015159169702,17,8.212560386473431,0,0.0,1,50.0,2,11.76470588235294,4,0.8403361344537815,0.0,66160.0,13400.0,34.77968211816869,9,11,29.848594087959622,50.0
56,Kallang Wave Mall,Central,Unknown,1.30307515150401,103.8731497075906,7,3.3816425120772946,1,14.285714285714285,0,0.0,0,0.0,0,0.0,0.0,20410.0,4400.0,10.983486142057039,10,2,6.8493150684931505,100.0
57,Leisure Park Kallang,Central,Unknown,1.302301084052293,103.8764739758827,11,5.314009661835748,0,0.0,0,0.0,0,0.0,1,0.21008403361344538,0.0,12030.0,1780.0,5.697180818427036,9,4,11.427541456380677,100.0
59,Our Tampines Hub,East,Unknown,1.35354740485205,103.9403811045466,19,9.178743961352657,3,42.857142857142854,2,100.0,3,17.647058823529413,0,0.0,0.0,79670.0,11220.0,37.18764280727275,9,8,21.953857245854362,0.0
60,Parkway Parade,Central,Unknown,1.301069755063101,103.9052794915233,24,11.594202898550725,3,42.857142857142854,0,0.0,5,29.411764705882355,355,74.57983193277312,0.0,36240.0,7490.0,19.194220761629722,11,3,10.165825522710886,100.0
61,SingPost,Central,Unknown,1.318996669036639,103.8948949159614,14,6.763285024154589,0,0.0,1,50.0,1,5.88235294117647,5,1.050420168067227,0.0,29920.0,5910.0,15.585461356538968,14,8,25.378514780100936,50.0
62,Tampines 1,East,ARMF II (Tampines) Pte Ltd,1.352227945045802,103.9524374430853,10,4.830917874396135,0,0.0,1,50.0,7,41.17647058823529,4,0.8403361344537815,0.0,130980.0,20200.0,62.81235719272725,12,11,31.90338860850757,50.0
63,Tampines Mall,East,CapitaMall Trust,1.352527372785196,103.9446987510717,128,61.83574879227053,1,14.285714285714285,0,0.0,14,82.35294117647058,12,2.5210084033613445,80.0,210650.0,31420.0,100.0,10,12,33.16510454217736,100.0
64,White Sands,East,Unknown,1.365636109416956,103.9608618146777,31,14.975845410628018,0,0.0,2,100.0,2,11.76470588235294,3,0.6302521008403361,0.0,69100.0,8710.0,31.27861867944435,1,13,29.632299927901947,0.0
65,Pasir Ris Mall,East,Unknown,1.373824377794677,103.9487488736156,82,39.61352657004831,0,0.0,1,50.0,8,47.05882352941176,402,84.45378151260505,0.0,138110.0,14780.0,60.00664246928703,2,14,32.94881038211968,50.0
66,AMK Hub,North-East,Mercatus Co-operative Ltd,1.369389226903445,103.8484779659393,32,15.458937198067632,1,14.285714285714285,1,50.0,4,23.52941176470588,48,10.084033613445378,0.0,119100.0,26960.0,65.31906410139995,4,12,29.05551550108147,50.0
67,Canberra Plaza,North,Housing & Development Board,1.443352663745675,103.8309390452592,8,3.864734299516908,0,0.0,1,50.0,2,11.76470588235294,5,1.050420168067227,0.0,108340.0,14730.0,50.06618914538567,5,8,19.2141312184571,50.0
68,Causeway Point,North,Frasers Centrepoint,1.436070065080311,103.7859815242531,51,24.637681159420293,1,14.285714285714285,2,100.0,6,35.294117647058826,33,6.932773109243698,26.666666666666664,143980.0,15220.0,62.377386051449065,7,10,25.84715212689257,0.0
69,Northpoint City,North,Unknown,1.429698486262892,103.8357764914675,49,23.67149758454106,0,0.0,2,100.0,6,35.294117647058826,8,1.680672268907563,0.0,145200.0,19110.0,66.49699265239914,5,11,27.10886806056236,0.0
70,Sembawang Shopping Centre,North,CapitaLand Mall Trust,1.441824706757328,103.8248452072371,34,16.425120772946862,0,0.0,0,0.0,1,5.88235294117647,7,1.4705882352941175,0.0,115140.0,13750.0,51.39015184880601,9,6,16.69069935111752,100.0
71,Sun Plaza,North,Canberra Development Pte Ltd,1.44819535371132,103.8195021271551,14,6.763285024154589,0,0.0,2,100.0,3,17.647058823529413,10,2.100840336134454,0.0,100690.0,8970.0,42.02437591625932,4,19,47.47656813266042,0.0
72,Compass One,North-East,Unknown,1.39205314156707,103.8950705438402,51,24.637681159420293,0,0.0,1,50.0,5,29.411764705882355,0,0.0,0.0,190570.0,19210.0,81.6691406958819,19,14,44.59264599855804,50.0
73,Heartland Mall,North-East,Unknown,1.359541773255625,103.8851673727259,21,10.144927536231885,1,14.285714285714285,1,50.0,5,29.411764705882355,10,2.100840336134454,0.0,57130.0,10520.0,29.029129170826018,3,8,17.84426820475847,50.0
74,Hougang Mall,North-East,Unknown,1.372491186358026,103.8937740666245,78,37.68115942028986,0,0.0,1,50.0,9,52.94117647058824,3,0.6302521008403361,0.0,107390.0,16880.0,51.80333220369252,4,13,31.687094448449894,50.0
75,NEX,North-East,Unknown,1.350769352578452,103.8722961438613,28,13.526570048309178,1,14.285714285714285,1,50.0,3,17.647058823529413,2,0.42016806722689076,0.0,50170.0,9400.0,25.646905406154723,11,15,41.74477289113194,50.0
76,Oasis Terraces,North-East,Unknown,1.402817186555658,103.9136086024412,16,7.729468599033816,0,0.0,0,0.0,1,5.88235294117647,3,0.6302521008403361,0.0,99540.0,8310.0,41.01205356461608,14,11,33.273251622206196,100.0
77,Punggol Plaza,North-East,Unknown,1.39423719717118,103.913047323223,65,31.40096618357488,0,0.0,1,50.0,8,47.05882352941176,3,0.6302521008403361,0.0,99540.0,8310.0,41.01205356461608,16,8,26.748377793799566,50.0
78,The Seletar Mall,North-East,Unknown,1.391470153746278,103.876125507257,32,15.458937198067632,0,0.0,2,100.0,6,35.294117647058826,0,0.0,0.0,108000.0,11800.0,47.1556243647659,9,10,27.2170151405912,0.0
79,Waterway Point,North-East,Unknown,1.406536116905548,103.9019881717096,52,25.120772946859905,0,0.0,2,100.0,6,35.294117647058826,36,7.563025210084033,0.0,74460.0,5040.0,29.555634759677353,20,10,34.751261715933666,0.0
80,Gek Poh Shopping Centre,West,Unknown,1.348743571364091,103.6977320910003,6,2.898550724637681,0,0.0,2,100.0,2,11.76470588235294,3,0.6302521008403361,0.0,131260.0,14920.0,57.86402760815958,0,8,15.789473684210526,0.0
81,Hillion Mall,West,Unknown,1.37843100827587,103.7628427898765,32,15.458937198067632,0,0.0,1,50.0,2,11.76470588235294,21,4.411764705882353,0.0,129540.0,16600.0,58.896537240450165,17,16,48.48594087959624,50.0
82,IMM,West,Unknown,1.334875261180072,103.7468947730077,12,5.797101449275362,0,0.0,0,0.0,0,0.0,2,0.42016806722689076,0.0,39820.0,7360.0,20.259747080321688,4,6,13.266041816870944,100.0
83,Jem,West,Unknown,1.333293344734624,103.743278742341,29,14.009661835748794,0,0.0,0,0.0,2,11.76470588235294,0,0.0,0.0,39820.0,7360.0,20.259747080321688,4,12,29.05551550108147,100.0
84,Junction 10,West,Unknown,1.38033681049385,103.7601678834385,1,0.4830917874396135,0,0.0,0,0.0,1,5.88235294117647,21,4.411764705882353,0.0,101720.0,13350.0,46.548699480239314,13,14,40.483056957462146,100.0
85,Jurong Point,West,Unknown,1.334844874712597,103.7204620242775,60,28.985507246376812,0,0.0,1,50.0,8,47.05882352941176,0,0.0,0.0,40990.0,5140.0,18.528874661693223,3,11,25.73900504686373,50.0
86,Lot 1,Central,Unknown,1.315735793533668,103.8915604670403,3,1.4492753623188406,0,0.0,0,0.0,1,5.88235294117647,9,1.8907563025210083,0.0,69910.0,13730.0,36.340910941747254,13,11,32.58832011535688,100.0
87,Pioneer Mall,West,Unknown,1.341650627650517,103.6971292926576,4,1.932367149758454,0,0.0,0,0.0,4,23.52941176470588,18,3.7815126050420167,0.0,131300.0,14920.0,57.87731979899746,8,19,50.21629416005768,100.0
88,Queensway Shopping Centre,Central,Unknown,1.287595189398704,103.8033972877883,3,1.4492753623188406,0,0.0,0,0.0,1,5.88235294117647,2,0.42016806722689076,0.0,35870.0,7800.0,19.367257811783507,4,7,15.897620764239365,100.0
89,The Clementi Mall,West,Unknown,1.314896196393653,103.764423054189,24,11.594202898550725,0,0.0,0,0.0,8,47.05882352941176,0,0.0,0.0,49680.0,10420.0,26.457978041656098,4,12,29.05551550108147,100.0
90,The Rail Mall,West,Unknown,1.35781103484491,103.7680806329584,8,3.864734299516908,0,0.0,0,0.0,0,0.0,13,2.73109243697479,0.0,19300.0,2540.0,8.838688953880588,4,8,18.529199711607784,100.0
91,The Star Vista,Central,Unknown,1.306970440383233,103.7884202741146,11,5.314009661835748,0,0.0,0,0.0,2,11.76470588235294,20,4.201680672268908,0.0,66380.0,14660.0,36.0558445465167,13,7,22.0620043258832,100.0
92,West Coast Plaza,West,Unknown,1.303624575279406,103.7658583869225,21,10.144927536231885,0,0.0,1,50.0,2,11.76470588235294,16,3.361344537815126,0.0,45260.0,9410.0,24.02483703936604,2,7,14.527757750540735,50.0
93,Westgate,West,Unknown,1.334157675568678,103.7427664844237,51,24.637681159420293,0,0.0,0,0.0,3,17.647058823529413,2,0.42016806722689076,0.0,39820.0,7360.0,20.259747080321688,4,9,21.160778658976206,100.0
94,West Mall,West,Unknown,1.350021075943163,103.7492164938305,207,100.0,0,0.0,2,100.0,17,100.0,9,1.8907563025210083,0.0,87740.0,11870.0,40.48996611530827,8,11,29.16366258111031,0.0
95,111 Somerset,Central,Unknown,1.30020625685961,103.8373171327961,16,7.729468599033816,0,0.0,0,0.0,3,17.647058823529413,8,1.680672268907563,0.0,20740.0,2550.0,9.326755882605791,32,5,29.812545061283345,100.0
96,600 @ Toa Payoh,Central,Unknown,1.334036238944651,103.8509777064745,2,0.966183574879227,0,0.0,2,100.0,6,35.294117647058826,26,5.46218487394958,0.0,110400.0,22900.0,58.551500818221555,7,18,46.89978370583994,0.0
97,Anchorpoint,Central,Unknown,1.288614690305858,103.8050099645917,11,5.314009661835748,0,0.0,0,0.0,1,5.88235294117647,0,0.0,0.0,51960.0,10280.0,27.081960099555452,4,11,26.423936553713048,100.0
98,Beauty World Centre,Central,Unknown,1.342412641886426,103.7765393854061,5,2.4154589371980677,1,14.285714285714285,0,0.0,1,5.88235294117647,24,5.042016806722689,0.0,25720.0,4520.0,12.862601178523084,5,8,19.2141312184571,100.0
99,Beauty World Plaza,Central,Unknown,1.34180018619223,103.7762593598538,5,2.4154589371980677,1,14.285714285714285,0,0.0,1,5.88235294117647,16,3.361344537815126,0.0,25720.0,4520.0,12.862601178523084,5,10,24.47728911319394,100.0
100,Bukit Timah Shopping Centre,West,Unknown,1.343164753416988,103.7760313543784,38,18.357487922705314,0,0.0,0,0.0,5,29.411764705882355,18,3.7815126050420167,0.0,25720.0,4520.0,12.862601178523084,4,6,13.266041816870944,100.0
101,"Capitol Building, Singapore",Central,Unknown,1.293541435570915,103.8515692867832,14,6.763285024154589,1,14.285714285714285,0,0.0,2,11.76470588235294,36,7.563025210084033,0.0,8150.0,1800.0,4.426934424275261,53,14,67.88031723143474,100.0
103,Capitol Singapore,Central,Unknown,1.292987753822214,103.8510468298429,0,0.0,0,0.0,0,0.0,0,0.0,47,9.873949579831933,0.0,8140.0,1800.0,4.42361137656579,60,15,75.30641672674838,100.0
104,The Cathay,Central,Unknown,1.2992060914543,103.8478268172409,9,4.3478260869565215,2,28.57142857142857,0,0.0,0,0.0,235,49.36974789915966,0.0,12630.0,2560.0,6.641312248786491,53,10,57.35400144196106,100.0
106,Clementi Mall,West,Unknown,1.314896196393653,103.764423054189,46,22.22222222222222,0,0.0,0,0.0,10,58.82352941176471,0,0.0,0.0,49680.0,10420.0,26.457978041656098,4,12,29.05551550108147,100.0
107,The Concourse,Central,Unknown,1.301047422574273,103.8626261106681,5,2.4154589371980677,0,0.0,1,50.0,1,5.88235294117647,22,4.621848739495799,0.0,26460.0,6750.0,15.237723768221878,25,10,38.17591925018024,50.0
108,Delfi Orchard,Central,Unknown,1.307178872984664,103.8284699943235,3,1.4492753623188406,2,28.57142857142857,0,0.0,0,0.0,0,0.0,0.0,26680.0,3860.0,12.551441893578165,17,5,19.53857245854362,100.0
111,Far East Shopping Centre,Central,Unknown,1.305506107489141,103.8299848220137,20,9.66183574879227,4,57.14285714285714,0,0.0,6,35.294117647058826,0,0.0,0.0,29940.0,4220.0,13.97848555507694,24,9,34.85940879596251,100.0
112,Forum The Shopping Mall,Central,Unknown,1.306097521645643,103.8286785560409,4,1.932367149758454,4,57.14285714285714,0,0.0,1,5.88235294117647,0,0.0,0.0,29550.0,4190.0,13.820242518723305,18,6,22.855082912761354,100.0
113,Fu Lu Shou Complex,Central,Unknown,1.301512585719199,103.854497235401,3,1.4492753623188406,1,14.285714285714285,0,0.0,0,0.0,0,0.0,0.0,32840.0,7800.0,18.36037435581389,54,17,76.45998558038933,100.0
114,"Funan, Singapore",Central,Unknown,1.291612706051295,103.8494788502519,24,11.594202898550725,0,0.0,0,0.0,2,11.76470588235294,63,13.23529411764706,0.0,9630.0,2060.0,5.166995007873994,57,15,73.25162220620044,100.0
117,Goldhill Plaza,Central,Unknown,1.31783165436361,103.8434865667405,10,4.830917874396135,2,28.57142857142857,0,0.0,2,11.76470588235294,8,1.680672268907563,0.0,25320.0,4140.0,12.366853044810075,5,8,19.2141312184571,100.0
119,GV Yishun,North,Golden Village,1.429915542023897,103.8364733961239,25,12.077294685990339,0,0.0,2,100.0,1,5.88235294117647,10,2.100840336134454,0.0,145200.0,19110.0,66.49699265239914,5,10,24.47728911319394,0.0
120,HarbourFront Centre,Central,Mapletree Investments,1.263775661432495,103.818562209388,51,24.637681159420293,2,28.57142857142857,0,0.0,7,41.17647058823529,2,0.42016806722689076,0.0,15770.0,3800.0,8.868708491177092,6,3,6.74116798846431,100.0
121,Holland Road Shopping Centre,Central,Unknown,1.310277475741183,103.7953711631031,10,4.830917874396135,0,0.0,1,50.0,6,35.294117647058826,0,0.0,0.0,51280.0,12280.0,28.76560456759661,11,9,25.95529920692141,50.0
122,IMM (Singapore),Central,CapitaLand Integrated Commercial Trust,1.306638973875783,103.7824128667116,12,5.797101449275362,0,0.0,1,50.0,0,0.0,0,0.0,0.0,36050.0,7390.0,19.035602269535516,10,9,25.270367700072097,50.0
125,Lot One,West,CapitaMall Trust,1.385069923256194,103.7452388682375,32,15.458937198067632,0,0.0,1,50.0,5,29.411764705882355,50,10.504201680672269,80.0,151680.0,16180.0,65.85274640963837,11,11,31.218457101658252,50.0
127,"Nex, Singapore",Central,Unknown,1.320803832320556,103.8787293921758,24,11.594202898550725,0,0.0,0,0.0,2,11.76470588235294,2,0.42016806722689076,0.0,91450.0,18660.0,48.205948578730045,7,10,25.84715212689257,100.0
128,One Raffles Place,Central,Unknown,1.284349546223077,103.8510725458335,28,13.526570048309178,7,100.0,0,0.0,8,47.05882352941176,65,13.655462184873949,0.0,14410.0,2840.0,7.500160380792197,73,8,65.78947368421052,100.0
130,Orchard Towers,Central,Unknown,1.306977965543302,103.8292141386793,4,1.932367149758454,4,57.14285714285714,0,0.0,2,11.76470588235294,0,0.0,0.0,29800.0,4210.0,13.922414828582923,19,4,18.27685652487383,100.0
132,Raffles City Shopping Centre,Central,Unknown,1.293893578633135,103.8531199046559,32,15.458937198067632,1,14.285714285714285,0,0.0,4,23.52941176470588,10,2.100840336134454,0.0,7130.0,1410.0,3.715609274013643,52,17,75.0901225666907,100.0
133,Riverside Point,Central,Unknown,1.289292505294204,103.8441676190972,1,0.4830917874396135,0,0.0,1,50.0,0,0.0,76,15.966386554621847,0.0,26890.0,5660.0,14.339876436533702,58,13,68.67339581831291,50.0
134,Seletar Mall,North-East,Unknown,1.391470153746278,103.876125507257,41,19.806763285024154,0,0.0,2,100.0,6,35.294117647058826,0,0.0,0.0,108000.0,11800.0,47.1556243647659,9,10,27.2170151405912,0.0
135,Serene Centre,Central,Unknown,1.3225246443153,103.8137065295714,3,1.4492753623188406,1,14.285714285714285,0,0.0,0,0.0,160,33.61344537815126,0.0,20710.0,3380.0,10.109275600075724,6,7,17.267483777937993,100.0
136,Sim Lim Tower,Central,Unknown,1.303772221222989,103.8546614469195,2,0.966183574879227,0,0.0,0,0.0,0,0.0,0,0.0,0.0,43370.0,10040.0,23.99830871164591,51,11,58.61571737563086,100.0
137,South Beach (Singapore),Central,Unknown,1.294687017424851,103.8555287380588,4,1.932367149758454,0,0.0,0,0.0,1,5.88235294117647,5,1.050420168067227,0.0,9000.0,1930.0,4.833518240878805,43,15,63.66258111031002,100.0
141,Tangs,North,Unknown,1.431165470348873,103.7938225924639,7,3.3816425120772946,0,0.0,1,50.0,1,5.88235294117647,0,0.0,0.0,76270.0,6800.0,31.837564701902494,12,14,39.79812545061283,50.0
146,Ang Mo Kio Town Centre,North-East,Unknown,1.374483624196232,103.8824421961307,1,0.4830917874396135,0,0.0,1,50.0,2,11.76470588235294,0,0.0,0.0,115320.0,17900.0,55.412411010568206,1,17,40.15861571737563,50.0
147,Cheng San Centre,North-East,Unknown,1.373808515395587,103.8545941606006,2,0.966183574879227,0,0.0,0,0.0,6,35.294117647058826,24,5.042016806722689,0.0,63590.0,13970.0,34.46989819483599,4,13,31.687094448449894,100.0
148,Chong Boon Centre,North-East,Unknown,1.367858882609412,103.8560470079234,2,0.966183574879227,0,0.0,0,0.0,6,35.294117647058826,0,0.0,0.0,80530.0,18310.0,44.24299843033815,4,10,23.792357606344627,100.0
149,Kebun Baru Mall,North-East,Unknown,1.366825902336275,103.8398610741315,2,0.966183574879227,1,14.285714285714285,1,50.0,3,17.647058823529413,99,20.798319327731093,0.0,64530.0,14490.0,35.278763724720385,15,7,23.431867339581828,50.0
150,Teck Ghee Square,North-East,Unknown,1.361913471952152,103.8552476669003,1,0.4830917874396135,0,0.0,1,50.0,3,17.647058823529413,3,0.6302521008403361,0.0,47640.0,11500.0,26.811266633558066,4,8,18.529199711607784,50.0
151,Bedok Town Centre,East,Unknown,1.326359095206174,103.9299959190762,28,13.526570048309178,1,14.285714285714285,1,50.0,1,5.88235294117647,0,0.0,0.0,81840.0,16700.0,43.14108025188925,5,8,19.2141312184571,50.0
153,Bishan North Shopping Mall,Central,Unknown,1.358144323794578,103.844756001146,0,0.0,0,0.0,0,0.0,4,23.52941176470588,9,1.8907563025210083,0.0,50760.0,9570.0,26.00528221655773,6,6,14.635904830569572,100.0
157,Gombak Place,West,Unknown,1.348172638424996,103.7588930854489,0,0.0,0,0.0,1,50.0,1,5.88235294117647,476,100.0,0.0,87150.0,12640.0,41.02910680967929,4,10,23.792357606344627,50.0
162,Greenridge Shopping Centre,West,Unknown,1.385175715644299,103.7659151920734,5,2.4154589371980677,0,0.0,1,50.0,3,17.647058823529413,14,2.941176470588235,0.0,105220.0,12660.0,47.05295013781567,16,13,39.90627253064167,50.0
164,Keat Hong Shopping Centre,West,Unknown,1.377366074413961,103.7443936487673,5,2.4154589371980677,0,0.0,1,50.0,2,11.76470588235294,0,0.0,0.0,95430.0,8920.0,40.22871252827061,12,16,45.06128334534967,50.0
165,Limbang Shopping Centre,West,Unknown,1.392460492417345,103.7427781303518,2,0.966183574879227,0,0.0,2,100.0,5,29.411764705882355,32,6.722689075630252,0.0,94850.0,9600.0,40.68524374329826,13,10,29.95674116798846,0.0
166,Sunshine Place,West,Unknown,1.378069616434087,103.738943225389,2,0.966183574879227,0,0.0,0,0.0,3,17.647058823529413,39,8.193277310924369,0.0,72910.0,6530.0,30.463223090361844,11,18,49.6395097332372,100.0
167,Teck Whye Shopping Centre,West,Unknown,1.380047529753983,103.7524838411989,2,0.966183574879227,0,0.0,1,50.0,4,23.52941176470588,0,0.0,0.0,105200.0,11130.0,45.58545108249858,20,12,40.01441961067051,50.0
168,Yew Tee Square,West,Unknown,1.398191971113012,103.7473149082766,16,7.729468599033816,0,0.0,2,100.0,4,23.52941176470588,0,0.0,0.0,72320.0,7210.0,30.91643125768003,4,10,23.792357606344627,0.0
169,Clementi Town Centre,West,Unknown,1.313355620136862,103.7649456076377,18,8.695652173913043,0,0.0,0,0.0,8,47.05882352941176,0,0.0,0.0,49680.0,10420.0,26.457978041656098,4,11,26.423936553713048,100.0
170,Geylang East Central,Central,Unknown,1.318939065551238,103.886798789505,1,0.4830917874396135,0,0.0,0,0.0,3,17.647058823529413,1,0.21008403361344538,0.0,68350.0,13410.0,35.51697762510419,16,6,21.485219899062724,100.0
172,Joo Chiat Complex,Central,Unknown,1.315845000007331,103.8991760000613,2,0.966183574879227,0,0.0,2,100.0,0,0.0,17,3.571428571428571,0.0,39280.0,7500.0,20.213975323870237,9,8,21.953857245854362,0.0
173,Central Place,East,Unknown,1.336124083305454,103.9646510003614,4,1.932367149758454,0,0.0,0,0.0,1,5.88235294117647,0,0.0,0.0,39450.0,5900.0,18.7427777651031,13,8,24.69358327325162,100.0
174,Hougang Town Centre,North-East,Unknown,1.357545633590632,103.8732521755758,0,0.0,1,14.285714285714285,0,0.0,1,5.88235294117647,1,0.21008403361344538,0.0,85650.0,17300.0,44.980044942883126,9,9,24.58543619322278,100.0
175,Hougang Green Shopping Mall,North-East,Unknown,1.379245290701614,103.8878320171013,2,0.966183574879227,0,0.0,0,0.0,3,17.647058823529413,20,4.201680672268908,0.0,145260.0,20740.0,68.07326448416838,11,13,36.4816149963951,100.0
176,Kovan City,North-East,Unknown,1.359622892256192,103.8877173328647,1,0.4830917874396135,0,0.0,1,50.0,2,11.76470588235294,1,0.21008403361344538,0.0,61850.0,11310.0,31.351904316048817,3,12,28.370583994232152,50.0
177,Bendemeer Shopping Mall,Central,Unknown,1.318682622667645,103.8627028939189,10,4.830917874396135,0,0.0,1,50.0,6,35.294117647058826,17,3.571428571428571,0.0,58560.0,12030.0,30.946081836055626,12,7,21.377072819033884,50.0
181,Yuhua Place,West,Unknown,1.346051640166172,103.7314200154205,1,0.4830917874396135,0,0.0,0,0.0,1,5.88235294117647,9,1.8907563025210083,0.0,97820.0,18110.0,49.797586748784454,5,8,19.2141312184571,100.0
182,Yuhua Village,West,Unknown,1.343026442630589,103.7381452861995,2,0.966183574879227,0,0.0,1,50.0,6,35.294117647058826,0,0.0,0.0,73970.0,13320.0,37.298597910773886,5,9,21.84571016582552,50.0
183,Boon Lay Shopping Centre,West,Unknown,1.346335524573169,103.7124303734547,13,6.280193236714976,0,0.0,1,50.0,4,23.52941176470588,1,0.21008403361344538,0.0,37620.0,4690.0,16.97934494833744,9,15,40.37490987743331,50.0
184,Jurong West Town Centre,West,Unknown,1.348727741380813,103.719077108635,2,0.966183574879227,0,0.0,1,50.0,3,17.647058823529413,1,0.21008403361344538,0.0,102390.0,16760.0,50.027231646220066,3,12,28.370583994232152,50.0
186,Balestier Hill Shopping Centre,Central,Unknown,1.325896202188377,103.8429354800027,0,0.0,0,0.0,0,0.0,2,11.76470588235294,7,1.4705882352941175,0.0,72700.0,12920.0,36.49464850921407,6,12,30.4253785147801,100.0
187,Elias Mall,East,Unknown,1.377905330954687,103.9423358206795,3,1.4492753623188406,0,0.0,1,50.0,4,23.52941176470588,6,1.2605042016806722,0.0,76070.0,7460.0,32.401275612767186,2,13,30.317231434751264,50.0
188,Loyang Point,East,Unknown,1.367000540763361,103.9646177762902,11,5.314009661835748,0,0.0,0,0.0,4,23.52941176470588,15,3.1512605042016806,0.0,71240.0,9070.0,32.333480997482404,0,14,31.57894736842105,100.0
190,Pasir Ris West Plaza,East,Unknown,1.379767524583477,103.9366463923326,9,4.3478260869565215,0,0.0,0,0.0,3,17.647058823529413,0,0.0,0.0,35800.0,3520.0,15.257427413526955,0,15,34.21052631578947,100.0
191,Pasir Ris Neighbourhood 4 Centre,East,Unknown,1.368356310971952,103.9595970080893,0,0.0,0,0.0,2,100.0,1,5.88235294117647,1,0.21008403361344538,0.0,54420.0,6900.0,24.672186042323304,0,11,23.684210526315788,0.0
194,Fernvale Point,North-East,Unknown,1.396315518423384,103.8811673248214,0,0.0,0,0.0,0,0.0,1,5.88235294117647,110,23.10924369747899,0.0,106920.0,9150.0,44.26649969336522,11,3,10.165825522710886,100.0
195,Holland Village,Central,Unknown,1.310213107939612,103.795010190754,18,8.695652173913043,0,0.0,1,50.0,4,23.52941176470588,3,0.6302521008403361,0.0,62300.0,14380.0,34.43269544133273,11,9,25.95529920692141,50.0
196,Mei Ling Heights,Central,Unknown,1.29339372009263,103.8032078198613,0,0.0,0,0.0,0,0.0,4,23.52941176470588,3,0.6302521008403361,0.0,45420.0,9220.0,23.896592690050483,8,12,31.79524152847873,100.0
198,Tanglin Halt Centre,Central,Unknown,1.299692875907111,103.7980644301606,2,0.966183574879227,0,0.0,1,50.0,3,17.647058823529413,5,1.050420168067227,0.0,62650.0,13730.0,33.928378304671526,15,8,26.063446286950253,50.0
199,Sembawang Town Centre,North,Unknown,1.439777014762418,103.8005734598214,7,3.3816425120772946,0,0.0,1,50.0,2,11.76470588235294,11,2.3109243697478994,0.0,134250.0,11490.0,55.58263478672225,4,16,39.58183129055515,50.0
200,Rivervale Plaza,North-East,Unknown,1.385371516087007,103.9018496347969,39,18.84057971014493,0,0.0,1,50.0,7,41.17647058823529,3,0.6302521008403361,0.0,146410.0,16540.0,64.44523037495865,16,11,34.64311463590483,50.0
201,Rivervale Mall,North-East,Unknown,1.392197778384503,103.9044716000245,36,17.391304347826086,0,0.0,0,0.0,7,41.17647058823529,2,0.42016806722689076,0.0,170450.0,18140.0,73.9615264383543,19,13,41.961067051189616,100.0
204,Serangoon Town Centre,North-East,Unknown,1.357545633590632,103.8732521755758,0,0.0,1,14.285714285714285,0,0.0,1,5.88235294117647,1,0.21008403361344538,0.0,85650.0,17300.0,44.980044942883126,9,9,24.58543619322278,100.0
205,Tampines Mart,East,Unknown,1.354364937990946,103.9600421882809,12,5.797101449275362,0,0.0,0,0.0,3,17.647058823529413,18,3.7815126050420167,0.0,145660.0,22010.0,69.4187898298483,4,13,31.687094448449894,100.0
207,ERA APAC Centre,Central,Eng Wah Organisation (former),1.331676533749419,103.8493839451847,7,3.3816425120772946,2,28.57142857142857,1,50.0,1,5.88235294117647,33,6.932773109243698,0.0,103240.0,21020.0,54.37716364869247,8,13,34.42682047584715,50.0
209,888 Plaza,North,Unknown,1.437704749703643,103.795268998896,4,1.932367149758454,0,0.0,0,0.0,4,23.52941176470588,14,2.941176470588235,0.0,175250.0,15000.0,72.55849895061253,14,17,49.06272530641672,100.0
210,Admiralty Place,North,Unknown,1.440275365386474,103.8012901083348,8,3.864734299516908,0,0.0,1,50.0,2,11.76470588235294,13,2.73109243697479,0.0,134250.0,11490.0,55.58263478672225,4,16,39.58183129055515,50.0
211,Vista Point,North,Unknown,1.431305886108347,103.7940734725368,3,1.4492753623188406,0,0.0,1,50.0,1,5.88235294117647,0,0.0,0.0,76270.0,6800.0,31.837564701902494,12,12,34.53496755587599,50.0
212,Woodlands Mart,North,Unknown,1.445716026032443,103.7985954754904,3,1.4492753623188406,0,0.0,0,0.0,4,23.52941176470588,0,0.0,0.0,134270.0,11490.0,55.589280882141196,4,9,21.160778658976206,100.0
213,Woodlands North Plaza,North,Unknown,1.442509261327166,103.7906018262636,3,1.4492753623188406,0,0.0,1,50.0,3,17.647058823529413,10,2.100840336134454,0.0,134320.0,11490.0,55.60589612068855,12,9,26.640230713770727,50.0
214,Woodlands Regional Centre,North,Unknown,1.451934552427674,103.802904054254,0,0.0,0,0.0,0,0.0,0,0.0,0,0.0,0.0,50.0,0.0,0.01661523854735343,0,8,15.789473684210526,100.0
215,Chong Pang City,North,Unknown,1.430832994617558,103.829006127711,3,1.4492753623188406,0,0.0,1,50.0,9,52.94117647058824,2,0.42016806722689076,0.0,95710.0,14380.0,45.53499783867429,5,9,21.84571016582552,50.0
216,Nee Soon East Courtyard,North,Unknown,1.436288972926408,103.8370270366671,3,1.4492753623188406,0,0.0,0,0.0,4,23.52941176470588,14,2.941176470588235,0.0,84530.0,13240.0,40.73135182348352,10,7,20.007209805335254,100.0
217,Albert Centre,Central,Unknown,1.301102015734238,103.8541157790862,10,4.830917874396135,1,14.285714285714285,0,0.0,0,0.0,0,0.0,0.0,33030.0,7820.0,18.442608379416683,49,19,78.2984859408796,100.0
218,Bras Basah Complex,Central,Unknown,1.296815259288559,103.8536194822053,4,1.932367149758454,0,0.0,0,0.0,1,5.88235294117647,5,1.050420168067227,0.0,12140.0,2730.0,6.640799906566667,49,18,75.66690699351116,100.0
219,Changi Village,East,Unknown,1.388705940647076,103.9879801853468,3,1.4492753623188406,0,0.0,0,0.0,0,0.0,139,29.20168067226891,0.0,540.0,120.0,0.29402127904852715,0,8,15.789473684210526,100.0
220,Cheng Yan Court,Central,Unknown,1.30035670883377,103.8534663603071,6,2.898550724637681,0,0.0,0,0.0,0,0.0,0,0.0,0.0,23340.0,5900.0,13.389347905145828,47,16,69.0338860850757,100.0
221,Chinatown Complex,Central,Unknown,1.28227496052711,103.8432385180712,2,0.966183574879227,0,0.0,1,50.0,0,0.0,45,9.453781512605042,0.0,28350.0,6810.0,15.923068136680396,65,12,70.83633741888968,50.0
222,Crawford Centre,Central,Unknown,1.304802505395983,103.8621555590924,0,0.0,0,0.0,2,100.0,1,5.88235294117647,33,6.932773109243698,0.0,28290.0,6940.0,16.027254611722103,22,15,49.2790194664744,0.0
223,Hong Lim Complex,Central,Unknown,1.284392382174826,103.8461014719971,18,8.695652173913043,1,14.285714285714285,2,100.0,5,29.411764705882355,50,10.504201680672269,0.0,20720.0,4940.0,11.602095783367627,63,11,66.83489545782264,0.0
224,Kitchener Complex,Central,Unknown,1.308810282348931,103.8619069738904,8,3.864734299516908,2,28.57142857142857,1,50.0,2,11.76470588235294,10,2.100840336134454,0.0,27110.0,6680.0,15.386885459407491,28,11,42.86229271809661,50.0
225,Potong Pasir,Central,Unknown,1.335740847343736,103.8656655961177,4,1.932367149758454,0,0.0,1,50.0,0,0.0,8,1.680672268907563,0.0,46840.0,10130.0,25.237338793885073,6,4,9.372746935832732,50.0
226,Rochor Centre,Central,Unknown,1.307619414430839,103.8542189067751,3,1.4492753623188406,0,0.0,0,0.0,2,11.76470588235294,14,2.941176470588235,0.0,42670.0,9990.0,23.71795507917583,33,4,27.865897620764237,100.0
227,Tanjong Pagar Plaza,Central,Unknown,1.275154977226049,103.8423931632715,12,5.797101449275362,3,42.857142857142854,1,50.0,5,29.411764705882355,8,1.680672268907563,0.0,28040.0,6760.0,15.772313364879672,43,15,63.66258111031002,50.0
228,Upper Aljunied,Central,Unknown,1.332235278449508,103.8790511574748,0,0.0,0,0.0,0,0.0,3,17.647058823529413,39,8.193277310924369,0.0,43730.0,8230.0,22.38973982956878,11,9,25.95529920692141,100.0
229,Waterloo Centre,Central,Unknown,1.298694452515225,103.8520820134851,7,3.3816425120772946,0,0.0,0,0.0,0,0.0,7,1.4705882352941175,0.0,12010.0,2700.0,6.568956110659272,49,20,80.93006488824801,100.0
230,Zhujiao Centre,Central,Unknown,1.306247229149706,103.8499560339021,1,0.4830917874396135,0,0.0,0,0.0,2,11.76470588235294,3,0.6302521008403361,0.0,35650.0,7540.0,19.045901239578082,41,5,35.97692862292718,100.0
