mall_id,name,region,operator,lat,lon,A_supermarket_count,A_dining_count,A_dining_score,B_fitness_count,B_fitness_score,C_engagement_count,C_engagement_score,D_healthcare_count,D_healthcare_score,E_bike_rack_count,E_infra_count,E_infra_score,F_partnership_score,pop_catchment,senior_pop_catchment,reach_population_score,mrt_count,bus_count,accessibility_score,engagement_gap_score,supply_score,demand_score,hpm_index,rank,tier,top10,top20,top50,supply_high,demand_high,quadrant
63,Tampines Mall,East,CapitaMall Trust,1.352527372785196,103.9446987510717,1,44,70.96774193548387,1,14.285714285714285,0,0.0,8,50.0,7,19,3.9915966386554618,80.0,210650.0,31420.0,100.0,10,12,33.16510454217736,100.0,37.77582000542153,77.72170151405913,49.75958445801282,1,Platinum,True,True,True,True,True,Pioneer HPM
128,One Raffles Place,Central,Unknown,1.284349546223077,103.8510725458335,0,28,45.16129032258064,7,100.0,0,0.0,8,50.0,0,65,13.655462184873947,0.0,14410.0,2840.0,7.500160380792197,73,8,65.78947368421052,100.0,41.83985422125839,57.76321135500091,46.61686136138114,2,Platinum,True,True,True,True,True,Pioneer HPM
3,Bugis+,Central,CapitaMall Trust,1.299603689902971,103.8542423474883,1,41,66.12903225806451,3,42.857142857142854,0,0.0,2,12.5,0,0,0.0,80.0,23290.0,5900.0,13.372732666598472,48,21,82.87671232876713,100.0,38.17076292882744,65.41648166512188,46.34447854971577,3,Platinum,True,True,True,True,True,Pioneer HPM
68,Causeway Point,North,Frasers Centrepoint,1.436070065080311,103.7859815242531,0,51,82.25806451612904,1,14.285714285714285,2,100.0,6,37.5,7,40,8.403361344537815,26.666666666666664,143980.0,15220.0,62.377386051449065,7,10,25.84715212689257,0.0,50.75406865255063,29.40817939278055,44.35030187461961,4,Platinum,True,True,True,True,False,Quick Wins
72,Compass One,North-East,Unknown,1.39205314156707,103.8950705438402,0,51,82.25806451612904,0,0.0,1,50.0,5,31.25,5,5,1.050420168067227,0.0,190570.0,19210.0,81.6691406958819,19,14,44.59264599855804,50.0,34.771731273154415,58.753928898146654,41.96639056065209,5,Platinum,True,True,True,True,True,Pioneer HPM
2,Bugis Junction,Central,CapitaMall Trust,1.299112874758746,103.8554111737572,1,32,51.61290322580645,2,28.57142857142857,0,0.0,2,12.5,1,1,0.2100840336134453,80.0,20630.0,5350.0,11.96365875500085,47,21,82.1917808219178,100.0,30.987244360109635,64.71847985897288,41.10661500976861,6,Platinum,True,True,True,True,True,Pioneer HPM
50,Century Square,East,Unknown,1.35236829566862,103.9438123022526,1,41,66.12903225806451,1,14.285714285714285,2,100.0,3,18.75,3,13,2.73109243697479,0.0,210650.0,31420.0,100.0,9,9,24.58543619322278,0.0,40.59723351706274,41.528478731074266,40.876607081266194,7,Platinum,True,True,True,True,False,Quick Wins
125,Lot One,West,CapitaMall Trust,1.385069923256194,103.7452388682375,0,32,51.61290322580645,0,0.0,1,50.0,5,31.25,3,53,11.134453781512606,80.0,151680.0,16180.0,65.85274640963837,11,11,31.218457101658252,50.0,36.26852353844763,49.023734503765546,40.095086828043,8,Platinum,True,True,True,True,True,Pioneer HPM
69,Northpoint City,North,Unknown,1.429698486262892,103.8357764914675,0,48,77.41935483870968,0,0.0,2,100.0,6,37.5,7,15,3.1512605042016806,0.0,145200.0,19110.0,66.49699265239914,5,11,27.10886806056236,0.0,42.688849733441764,31.201953570987172,39.24278088470538,9,Platinum,True,True,True,True,False,Quick Wins
9,Chinatown Point,Central,Unknown,1.284998828474023,103.8446970811421,2,40,64.51612903225806,1,14.285714285714285,2,100.0,6,37.5,0,82,17.22689075630252,0.0,30580.0,7040.0,16.88371312280515,61,12,68.09661139149243,0.0,43.84318243426403,28.326774838099194,39.188260155414575,10,Platinum,True,True,True,True,False,Quick Wins
39,Square 2,Central,Unknown,1.320705109568455,103.8441607096606,3,40,64.51612903225806,2,28.57142857142857,0,0.0,16,100.0,0,10,2.100840336134454,0.0,55210.0,10020.0,27.91370108253635,5,6,13.95097332372026,100.0,35.614891117737415,47.28822480208553,39.11689122304185,11,Platinum,False,True,True,True,True,Pioneer HPM
85,Jurong Point,West,Unknown,1.334844874712597,103.7204620242775,2,62,100.0,0,0.0,1,50.0,8,50.0,0,0,0.0,0.0,40990.0,5140.0,18.528874661693223,3,11,25.73900504686373,50.0,41.66666666666667,31.42262656951899,38.59345463752237,12,Platinum,False,True,True,True,False,Quick Wins
79,Waterway Point,North-East,Unknown,1.406536116905548,103.9019881717096,1,53,85.48387096774194,0,0.0,2,100.0,6,37.5,7,43,9.033613445378151,0.0,74460.0,5040.0,29.555634759677353,20,10,34.751261715933666,0.0,45.58258787385923,21.43563215853701,38.33850115926256,13,Platinum,False,True,True,True,False,Quick Wins
27,Ngee Ann City,Central,Ngee Ann Development,1.30224168528687,103.8351819122968,1,24,38.70967741935484,5,71.42857142857143,0,0.0,10,62.5,0,0,0.0,0.0,22270.0,2940.0,10.207556466050413,29,8,35.65248738284066,100.0,33.570148489503325,48.62001461629703,38.08510832754144,14,Platinum,False,True,True,True,True,Pioneer HPM
60,Parkway Parade,Central,Unknown,1.301069755063101,103.9052794915233,5,29,46.774193548387096,3,42.857142857142854,0,0.0,5,31.25,0,355,74.57983193277312,0.0,36240.0,7490.0,19.19422076162972,11,3,10.165825522710886,100.0,34.27551127978073,43.12001542811354,36.92886252428057,15,Platinum,False,True,True,True,False,Quick Wins
66,AMK Hub,North-East,Mercatus Co-operative Ltd,1.369389226903445,103.8484779659393,0,32,51.61290322580645,1,14.285714285714285,1,50.0,4,25.0,5,53,11.134453781512606,0.0,119100.0,26960.0,65.31906410139995,4,12,29.05551550108147,50.0,29.85979337971748,48.124859867493804,35.33931332605038,16,Platinum,False,True,True,True,True,Pioneer HPM
43,Tiong Bahru Plaza,Central,Unknown,1.286458894728254,103.8270152561934,1,41,66.12903225806451,0,0.0,1,50.0,9,56.25,1,42,8.823529411764707,0.0,79090.0,17070.0,42.58052029855757,13,7,22.0620043258832,50.0,33.932901117436224,38.2141748748136,35.21728324464944,17,Platinum,False,True,True,True,False,Quick Wins
65,Pasir Ris Mall,East,Unknown,1.373824377794677,103.9487488736156,0,20,32.25806451612903,0,0.0,1,50.0,2,12.5,5,407,85.50420168067227,0.0,138110.0,14780.0,60.00664246928703,2,14,32.94881038211968,50.0,28.183262552332764,47.65181761713558,34.023829071773605,18,Platinum,False,True,True,True,True,Pioneer HPM
71,Sun Plaza,North,Canberra Development Pte Ltd,1.44819535371132,103.8195021271551,1,33,53.2258064516129,0,0.0,2,100.0,4,25.0,6,16,3.361344537815126,0.0,100690.0,8970.0,42.02437591625932,4,19,47.47656813266042,0.0,34.60287340742749,29.83364801630658,33.172105790091216,19,Platinum,False,True,True,True,False,Quick Wins
134,Seletar Mall,North-East,Unknown,1.391470153746278,103.876125507257,1,35,56.451612903225815,0,0.0,2,100.0,6,37.5,2,2,0.4201680672268907,0.0,108000.0,11800.0,47.1556243647659,9,10,27.2170151405912,0.0,36.56102225836571,24.790879835119036,33.02997953139171,20,Platinum,False,True,True,True,False,Quick Wins
81,Hillion Mall,West,Unknown,1.37843100827587,103.7628427898765,0,32,51.61290322580645,0,0.0,1,50.0,2,12.5,2,23,4.831932773109244,0.0,129540.0,16600.0,58.896537240450165,17,16,48.48594087959624,50.0,24.59602120418059,52.46082604001547,32.955462654931054,21,Platinum,False,False,True,True,True,Pioneer HPM
74,Hougang Mall,North-East,Unknown,1.372491186358026,103.8937740666245,1,33,53.2258064516129,0,0.0,1,50.0,6,37.5,6,9,1.8907563025210083,0.0,107390.0,16880.0,51.80333220369252,4,13,31.687094448449898,50.0,27.495030270172578,44.496808884047475,32.59556385433505,22,Platinum,False,False,True,True,False,Quick Wins
35,Raffles City,Central,Tincel Properties,1.293893578633135,103.8531199046559,1,33,53.2258064516129,1,14.285714285714285,0,0.0,4,25.0,1,11,2.3109243697478994,0.0,7130.0,1410.0,3.715609274013643,52,17,75.0901225666907,100.0,20.994096563356525,59.601910613568116,32.57644077842,23,Platinum,False,False,True,True,True,Pioneer HPM
78,The Seletar Mall,North-East,Unknown,1.391470153746278,103.876125507257,1,33,53.2258064516129,0,0.0,2,100.0,6,37.5,2,2,0.4201680672268907,0.0,108000.0,11800.0,47.1556243647659,9,10,27.2170151405912,0.0,35.66496491069546,24.790879835119036,32.40273938802253,24,Platinum,False,False,True,True,False,Quick Wins
201,Rivervale Mall,North-East,Unknown,1.392197778384503,103.9044716000245,1,25,40.32258064516129,0,0.0,0,0.0,6,37.5,0,2,0.4201680672268907,0.0,170450.0,18140.0,73.9615264383543,19,13,41.961067051189616,100.0,15.41406885334779,71.97419782984798,32.382107546297846,25,Platinum,False,False,True,True,True,Pioneer HPM
93,Westgate,West,Unknown,1.334157675568678,103.7427664844237,1,52,83.87096774193549,0,0.0,0,0.0,3,18.75,3,5,1.050420168067227,0.0,39820.0,7360.0,20.259747080321688,4,9,21.16077865897621,100.0,25.49753772476733,47.140175246432634,31.99032898126692,26,Platinum,False,False,True,True,True,Pioneer HPM
59,Our Tampines Hub,East,Unknown,1.35354740485205,103.9403811045466,0,19,30.64516129032258,3,42.857142857142854,2,100.0,3,18.75,0,0,0.0,0.0,79670.0,11220.0,37.18764280727275,9,8,21.95385724585436,0.0,36.78635432667691,19.71383335104237,31.66459803398655,27,Platinum,False,False,True,True,False,Quick Wins
127,"Nex, Singapore",Central,Unknown,1.320803832320556,103.8787293921758,0,42,67.74193548387096,0,0.0,0,0.0,2,12.5,0,2,0.4201680672268907,0.0,91450.0,18660.0,48.205948578730045,7,10,25.84715212689257,100.0,20.252778530767145,58.01770023520754,31.58225504209927,28,Platinum,False,False,True,True,True,Pioneer HPM
227,Tanjong Pagar Plaza,Central,Unknown,1.275154977226049,103.8423931632715,1,11,17.741935483870968,3,42.857142857142854,1,50.0,5,31.25,0,8,1.680672268907563,0.0,28040.0,6760.0,15.772313364879672,43,15,63.66258111031002,50.0,26.44442185476341,43.144964825063234,31.454584745853353,29,Platinum,False,False,True,True,False,Quick Wins
19,Junction 8,Central,Unknown,1.350481253450499,103.848760473211,1,42,67.74193548387096,0,0.0,1,50.0,5,31.25,7,19,3.9915966386554618,0.0,57930.0,10040.0,28.836666176635234,10,6,17.375630857966833,50.0,31.06627059425921,32.07076567820069,31.367619119441652,30,Platinum,False,False,True,True,False,Quick Wins
132,Raffles City Shopping Centre,Central,Unknown,1.293893578633135,103.8531199046559,1,29,46.774193548387096,1,14.285714285714285,0,0.0,4,25.0,1,11,2.3109243697478994,0.0,7130.0,1410.0,3.715609274013643,52,17,75.0901225666907,100.0,19.201981868016023,59.601910613568116,31.32196049168165,31,Platinum,False,False,True,True,True,Pioneer HPM
49,Bedok Mall,East,Unknown,1.324736327847299,103.929256259998,1,41,66.12903225806451,0,0.0,1,50.0,4,25.0,2,2,0.4201680672268907,0.0,81840.0,16700.0,43.14108025188925,3,6,12.581110310021629,50.0,29.526972079154245,35.240730187303626,31.24109951159906,32,Platinum,False,False,True,True,False,Quick Wins
20,Liat Towers,Central,Unknown,1.305087227108509,103.8307225811674,0,16,25.806451612903224,3,42.857142857142854,0,0.0,8,50.0,0,0,0.0,0.0,29940.0,4220.0,13.97848555507694,23,11,39.437635183850034,100.0,22.247823860727085,51.13870691297566,30.915088776401653,33,Platinum,False,False,True,True,True,Pioneer HPM
200,Rivervale Plaza,North-East,Unknown,1.385371516087007,103.9018496347969,1,21,33.87096774193548,0,0.0,1,50.0,7,43.75,2,5,1.050420168067227,0.0,146410.0,16540.0,64.44523037495865,16,11,34.64311463590483,50.0,22.719759946989548,49.69611500362116,30.81266646397903,34,Platinum,False,False,True,True,True,Pioneer HPM
34,Plaza Singapura,Central,DBS Land,1.300747709639166,103.8450475734307,1,36,58.06451612903226,1,14.285714285714285,0,0.0,3,18.75,0,133,27.941176470588236,0.0,19450.0,3440.0,9.747859940050974,31,4,26.49603460706561,100.0,24.491543929399718,45.41463151570553,30.76847020529146,35,Platinum,False,False,True,True,False,Quick Wins
223,Hong Lim Complex,Central,Unknown,1.284392382174826,103.8461014719971,0,18,29.03225806451613,1,14.285714285714285,2,100.0,5,31.25,0,50,10.504201680672267,0.0,20720.0,4940.0,11.602095783367629,63,11,66.83489545782264,0.0,32.54514171259901,26.145663747063427,30.625298322938335,36,Platinum,False,False,True,True,False,Quick Wins
40,Suntec City,Central,Unknown,1.29485990186642,103.860333693777,1,43,69.35483870967742,0,0.0,0,0.0,5,31.25,0,0,0.0,0.0,11530.0,3460.0,7.135102271273042,30,9,38.9689978370584,100.0,22.73745519713262,48.70136670277715,30.52662864882598,37,Platinum,False,False,True,True,True,Pioneer HPM
106,Clementi Mall,West,Unknown,1.314896196393653,103.764423054189,1,35,56.451612903225815,0,0.0,0,0.0,8,50.0,2,2,0.4201680672268907,0.0,49680.0,10420.0,26.457978041656094,4,12,29.05551550108147,100.0,21.283244480587935,51.837831180912524,30.449620490685312,38,Platinum,False,False,True,True,True,Pioneer HPM
15,HDB Hub,Central,Unknown,1.332054851904816,103.8485076430788,1,27,43.54838709677419,0,0.0,1,50.0,4,25.0,1,34,7.142857142857142,0.0,103240.0,21020.0,54.37716364869247,11,11,31.218457101658252,50.0,24.001536098310293,45.19854025011691,30.360637343852275,39,Platinum,False,False,True,True,False,Quick Wins
47,Wheelock Place,Central,Unknown,1.304676287302523,103.8306420275763,0,19,30.64516129032258,3,42.857142857142854,0,0.0,6,37.5,0,0,0.0,0.0,29940.0,4220.0,13.97848555507694,23,9,34.17447728911319,100.0,22.20302099334357,49.384320948063376,30.35741097975951,40,Platinum,False,False,True,True,True,Pioneer HPM
111,Far East Shopping Centre,Central,Unknown,1.305506107489141,103.8299848220137,0,11,17.741935483870968,4,57.14285714285714,0,0.0,6,37.5,0,0,0.0,0.0,29940.0,4220.0,13.97848555507694,24,9,34.85940879596251,100.0,21.793394777265743,49.61263145034649,30.139165779189966,41,Platinum,False,False,True,True,True,Pioneer HPM
75,NEX,North-East,Unknown,1.350769352578452,103.8722961438613,0,28,45.16129032258064,1,14.285714285714285,1,50.0,3,18.75,3,5,1.050420168067227,0.0,50170.0,9400.0,25.646905406154723,11,15,41.74477289113194,50.0,26.25278606066082,39.13055943242889,30.116118072191238,42,Platinum,False,False,True,True,False,Quick Wins
32,People's Park Centre,Central,Management Corporation Strata Title 0393,1.285770099818055,103.8439801228374,0,18,29.03225806451613,1,14.285714285714285,1,50.0,4,25.0,0,93,19.537815126050425,0.0,25930.0,5480.0,13.84899880231885,58,11,63.41023792357606,50.0,24.52109876208548,42.419745575298315,29.89069280604933,43,Platinum,False,False,True,True,False,Quick Wins
7,City Square Mall,Central,Unknown,1.311421031076843,103.8566240199911,2,35,56.451612903225815,1,14.285714285714285,0,0.0,2,12.5,1,35,7.352941176470589,0.0,36830.0,8740.0,20.58378789666672,28,6,29.704397981254505,100.0,21.061489111773746,50.09606195930708,29.771860966033746,44,Platinum,False,False,True,True,True,Pioneer HPM
94,West Mall,West,Unknown,1.350021075943163,103.7492164938305,1,28,45.16129032258064,0,0.0,2,100.0,4,25.0,4,13,2.73109243697479,0.0,87740.0,11870.0,40.48996611530827,8,11,29.16366258111031,0.0,32.292702027047376,23.217876232139528,29.57025428857502,45,Platinum,False,False,True,True,False,Quick Wins
119,GV Yishun,North,Golden Village,1.429915542023897,103.8364733961239,0,25,40.32258064516129,0,0.0,2,100.0,1,6.25,4,14,2.941176470588235,0.0,145200.0,19110.0,66.49699265239914,5,10,24.47728911319394,0.0,28.888625342610162,30.32476058853103,29.31946591638642,46,Platinum,False,False,True,True,False,Quick Wins
151,Bedok Town Centre,East,Unknown,1.326359095206174,103.9299959190762,0,28,45.16129032258064,1,14.285714285714285,1,50.0,1,6.25,0,0,0.0,0.0,81840.0,16700.0,43.14108025188925,5,8,19.2141312184571,50.0,24.74718381976446,37.451737156782116,28.558549820869757,47,Gold,False,False,True,True,False,Quick Wins
64,White Sands,East,Unknown,1.365636109416956,103.9608618146777,0,31,50.0,0,0.0,2,100.0,2,12.5,0,3,0.6302521008403361,0.0,69100.0,8710.0,31.27861867944435,1,13,29.632299927901947,0.0,32.01447245564893,20.3036395357821,28.501222579688882,48,Gold,False,False,True,True,False,Quick Wins
46,VivoCity,Central,Unknown,1.264293167839738,103.8223046936493,1,42,67.74193548387096,1,14.285714285714285,0,0.0,0,0.0,0,69,14.495798319327733,0.0,15770.0,3800.0,8.868708491177092,8,4,10.742609949531362,100.0,23.60245173338152,39.87043948023616,28.482848057437913,49,Gold,False,False,True,True,False,Quick Wins
53,Eastpoint Mall,East,Unknown,1.342705923555769,103.9530246182335,1,28,45.16129032258064,0,0.0,1,50.0,7,43.75,7,21,4.411764705882353,0.0,39450.0,5900.0,18.7427777651031,6,12,30.4253785147801,50.0,26.22944339025933,33.056052093294404,28.27742600116985,50,Gold,False,False,True,True,False,Quick Wins
14,Great World,Central,Unknown,1.293422726500028,103.8320221466545,3,19,30.64516129032258,1,14.285714285714285,1,50.0,3,18.75,0,7,1.4705882352941175,0.0,62510.0,11570.0,31.81947498747096,26,10,38.86085075702955,50.0,22.26721333694768,40.22677524816684,27.655081910313427,51,Gold,False,False,False,True,False,Quick Wins
17,ION Orchard,Central,Unknown,1.303979741445055,103.832032328465,1,24,38.70967741935484,1,14.285714285714285,0,0.0,5,31.25,0,0,0.0,0.0,30970.0,4370.0,14.46398034757381,24,11,40.122566690699344,100.0,17.399513568868407,51.52884901275772,27.6383142020352,52,Gold,False,False,False,True,True,Pioneer HPM
31,The Paragon,Central,Unknown,1.303872308799947,103.8358575454689,1,9,14.516129032258066,3,42.857142857142854,0,0.0,8,50.0,0,0,0.0,0.0,19260.0,2670.0,8.949521524341241,28,7,32.33597692862293,100.0,19.111623143881207,47.095166150988064,27.506686046013265,53,Gold,False,False,False,True,True,Pioneer HPM
104,The Cathay,Central,Unknown,1.2992060914543,103.8478268172409,0,9,14.516129032258066,2,28.57142857142857,0,0.0,0,0.0,0,235,49.36974789915966,0.0,12630.0,2560.0,6.641312248786491,53,10,57.35400144196106,100.0,15.866991958073552,54.66510456358252,27.506425739726243,54,Gold,False,False,False,True,True,Pioneer HPM
207,ERA APAC Centre,Central,Eng Wah Organisation (former),1.331676533749419,103.8493839451847,0,7,11.29032258064516,2,28.57142857142857,1,50.0,1,6.25,0,33,6.932773109243698,0.0,103240.0,21020.0,54.37716364869247,8,13,34.42682047584715,50.0,19.2834929670793,46.26799470817988,27.378843489409473,55,Gold,False,False,False,True,True,Pioneer HPM
13,Funan,Central,Unknown,1.291347596977954,103.8499897900843,1,25,40.32258064516129,0,0.0,0,0.0,2,12.5,0,51,10.714285714285714,0.0,8140.0,1800.0,4.42361137656579,60,14,72.67483777937996,100.0,13.780081925243216,59.03281638531526,27.35590226326483,56,Gold,False,False,False,True,True,Pioneer HPM
89,The Clementi Mall,West,Unknown,1.314896196393653,103.764423054189,1,25,40.32258064516129,0,0.0,0,0.0,8,50.0,2,2,0.4201680672268907,0.0,49680.0,10420.0,26.457978041656094,4,12,29.05551550108147,100.0,16.802957742236682,51.837831180912524,27.31341977383943,57,Gold,False,False,False,True,True,Pioneer HPM
73,Heartland Mall,North-East,Unknown,1.359541773255625,103.8851673727259,1,22,35.483870967741936,1,14.285714285714285,1,50.0,5,31.25,3,13,2.73109243697479,0.0,57130.0,10520.0,29.029129170826018,3,8,17.84426820475847,50.0,25.14024426975091,32.29113245852816,27.285510726384082,58,Gold,False,False,False,True,False,Quick Wins
24,Marina Square,Central,Unknown,1.291855332730248,103.8585780890598,2,30,48.38709677419355,1,14.285714285714285,0,0.0,1,6.25,0,11,2.3109243697478994,0.0,3160.0,840.0,1.8521199953525076,38,10,47.08002883922134,100.0,17.566677208517817,49.64404961152462,27.18988892941986,59,Gold,False,False,False,True,True,Pioneer HPM
209,888 Plaza,North,Unknown,1.437704749703643,103.795268998896,1,9,14.516129032258066,0,0.0,0,0.0,4,25.0,0,14,2.941176470588235,0.0,175250.0,15000.0,72.55849895061253,14,17,49.06272530641672,100.0,7.136833227914823,73.87374141900975,27.1579056852433,60,Gold,False,False,False,False,True,Strategic Investment
38,The South Beach,Central,Unknown,1.294988043920564,103.856276242094,0,24,38.70967741935484,1,14.285714285714285,0,0.0,1,6.25,0,5,1.050420168067227,0.0,6920.0,1750.0,3.970459263203237,39,16,63.55443403028118,100.0,14.738449143098096,55.84163109782814,27.069403729517106,61,Gold,False,False,False,True,True,Pioneer HPM
62,Tampines 1,East,ARMF II (Tampines) Pte Ltd,1.352227945045802,103.9524374430853,0,10,16.129032258064516,0,0.0,1,50.0,7,43.75,0,4,0.8403361344537815,0.0,130980.0,20200.0,62.81235719272725,12,11,31.90338860850757,50.0,17.76810186440167,48.238581933744946,26.909245885204655,62,Gold,False,False,False,True,True,Pioneer HPM
0,313@somerset,Central,Unknown,1.301014364040584,103.8383606644851,0,28,45.16129032258064,1,14.285714285714285,0,0.0,3,18.75,0,9,1.8907563025210083,0.0,18920.0,2210.0,8.397327208393648,31,7,34.39077144917087,100.0,18.012823408933464,47.59603288585484,26.887786252009878,63,Gold,False,False,False,True,True,Pioneer HPM
8,CityLink Mall,Central,Unknown,1.292777731289308,103.854173501417,0,23,37.096774193548384,1,14.285714285714285,0,0.0,3,18.75,1,11,2.3109243697478994,0.0,5380.0,1250.0,2.9813069878734595,51,9,53.352559480894016,100.0,15.819365380560823,52.11128882292249,26.706942413269324,64,Gold,False,False,False,True,True,Pioneer HPM
96,600 @ Toa Payoh,Central,Unknown,1.334036238944651,103.8509777064745,0,2,3.225806451612903,0,0.0,2,100.0,6,37.5,0,26,5.46218487394958,0.0,110400.0,22900.0,58.551500818221555,7,18,46.89978370583994,0.0,22.336300111442423,35.150428174687164,26.18053853041584,65,Gold,False,False,False,True,False,Quick Wins
120,HarbourFront Centre,Central,Mapletree Investments,1.263775661432495,103.818562209388,1,24,38.70967741935484,2,28.57142857142857,0,0.0,5,31.25,0,2,0.4201680672268907,0.0,15770.0,3800.0,8.868708491177092,6,3,6.74116798846431,100.0,20.62080208427457,38.536625493213805,25.995549106956343,66,Gold,False,False,False,True,False,Quick Wins
205,Tampines Mart,East,Unknown,1.354364937990946,103.9600421882809,0,12,19.35483870967742,0,0.0,0,0.0,3,18.75,0,18,3.7815126050420167,0.0,145660.0,22010.0,69.4187898298483,4,13,31.687094448449898,100.0,7.87984548658173,67.03529475943273,25.62648026843703,67,Gold,False,False,False,False,True,Strategic Investment
157,Gombak Place,West,Unknown,1.348172638424996,103.7588930854489,0,0,0.0,0,0.0,1,50.0,1,6.25,0,476,100.0,0.0,87150.0,12640.0,41.02910680967929,4,10,23.792357606344627,50.0,20.138888888888886,38.273821472007974,25.57936866382461,68,Gold,False,False,False,True,False,Quick Wins
23,Marina Bay Link Mall,Central,Unknown,1.280238254460868,103.8533696625463,0,12,19.35483870967742,1,14.285714285714285,0,0.0,7,43.75,0,2,0.4201680672268907,0.0,13910.0,2750.0,7.24807546826583,60,7,54.25378514780101,100.0,13.458743712538778,53.833953538688945,25.571306660383826,69,Gold,False,False,False,False,True,Strategic Investment
101,"Capitol Building, Singapore",Central,Unknown,1.293541435570915,103.8515692867832,0,14,22.58064516129032,1,14.285714285714285,0,0.0,2,12.5,1,37,7.773109243697479,0.0,8150.0,1800.0,4.426934424275261,53,14,67.88031723143474,100.0,11.699572302039096,57.43575055190335,25.42042577699837,70,Gold,False,False,False,False,True,Strategic Investment
224,Kitchener Complex,Central,Unknown,1.308810282348931,103.8619069738904,2,10,16.129032258064516,2,28.57142857142857,1,50.0,2,12.5,1,11,2.3109243697478994,0.0,27110.0,6680.0,15.386885459407493,28,11,42.86229271809661,50.0,20.80848468419626,36.083059392501376,25.390857096687796,71,Gold,False,False,False,True,False,Quick Wins
51,Changi City Point,East,Unknown,1.334036379027078,103.9629176155306,1,31,50.0,0,0.0,0,0.0,2,12.5,1,1,0.2100840336134453,0.0,39450.0,5900.0,18.7427777651031,13,9,27.32516222062004,100.0,15.301120448179272,48.68931332857438,25.317578312297805,72,Gold,False,False,False,True,True,Pioneer HPM
21,Lucky Plaza,Central,Unknown,1.304506046466357,103.8339623398165,0,15,24.193548387096776,2,28.57142857142857,0,0.0,3,18.75,0,0,0.0,0.0,25630.0,3700.0,12.049752947100927,25,8,32.9127613554434,100.0,15.152969790066564,48.320838100848114,25.10333028330103,73,Gold,False,False,False,True,True,Pioneer HPM
83,Jem,West,Unknown,1.333293344734624,103.743278742341,0,29,46.774193548387096,0,0.0,0,0.0,2,12.5,2,2,0.4201680672268907,0.0,39820.0,7360.0,20.259747080321688,4,12,29.05551550108147,100.0,14.428405770910516,49.77175419380105,25.031410297777676,74,Gold,False,False,False,True,True,Pioneer HPM
41,Tanjong Pagar Centre,Central,Unknown,1.276583606968434,103.8459363035937,0,12,19.35483870967742,0,0.0,1,50.0,3,18.75,0,15,3.1512605042016806,0.0,28210.0,6800.0,15.86699741018638,63,12,69.46647440519106,50.0,16.14315080871058,45.11115727179248,24.83355274763515,75,Gold,False,False,False,True,False,Quick Wins
169,Clementi Town Centre,West,Unknown,1.313355620136862,103.7649456076377,0,18,29.03225806451613,0,0.0,0,0.0,8,50.0,0,0,0.0,0.0,49680.0,10420.0,26.457978041656094,4,11,26.423936553713048,100.0,13.620071684587815,50.96063819845638,24.822241638748384,76,Gold,False,False,False,True,True,Pioneer HPM
114,"Funan, Singapore",Central,Unknown,1.291612706051295,103.8494788502519,0,17,27.419354838709676,0,0.0,0,0.0,1,6.25,0,63,13.23529411764706,0.0,9630.0,2060.0,5.166995007873994,57,15,73.25162220620044,100.0,9.781520134935695,59.47287240469148,24.68892581586243,77,Gold,False,False,False,False,True,Strategic Investment
26,Mustafa Centre,Central,Unknown,1.310112131903957,103.8552908739255,0,17,27.419354838709676,1,14.285714285714285,0,0.0,2,12.5,1,35,7.352941176470589,0.0,38350.0,9100.0,21.432621256717596,29,7,33.02090843547224,100.0,12.99697298274148,51.48450989739662,24.543234057138026,78,Gold,False,False,False,False,True,Strategic Investment
195,Holland Village,Central,Unknown,1.310213107939612,103.795010190754,0,18,29.03225806451613,0,0.0,1,50.0,4,25.0,1,4,0.8403361344537815,0.0,62300.0,14380.0,34.43269544133273,11,9,25.95529920692141,50.0,19.268997921749346,36.79599821608472,24.527098010049958,79,Gold,False,False,False,True,False,Quick Wins
210,Admiralty Place,North,Unknown,1.440275365386474,103.8012901083348,1,9,14.516129032258066,0,0.0,1,50.0,2,12.5,10,23,4.831932773109244,0.0,134250.0,11490.0,55.58263478672225,4,16,39.58183129055515,50.0,14.291361705972712,48.38815535909247,24.52039980190864,80,Gold,False,False,False,True,True,Pioneer HPM
217,Albert Centre,Central,Unknown,1.301102015734238,103.8541157790862,0,8,12.903225806451612,1,14.285714285714285,0,0.0,0,0.0,1,1,0.2100840336134453,0.0,33030.0,7820.0,18.442608379416683,49,19,78.2984859408796,100.0,6.7821752356856715,65.58036477343211,24.421632097009603,81,Gold,False,False,False,False,True,Strategic Investment
130,Orchard Towers,Central,Unknown,1.306977965543302,103.8292141386793,0,4,6.451612903225806,4,57.14285714285714,0,0.0,2,12.5,0,0,0.0,0.0,29800.0,4210.0,13.922414828582925,19,4,18.27685652487383,100.0,15.879416282642087,44.066423784485586,24.335518533195135,82,Gold,False,False,False,True,False,Quick Wins
112,Forum The Shopping Mall,Central,Unknown,1.306097521645643,103.8286785560409,0,4,6.451612903225806,4,57.14285714285714,0,0.0,1,6.25,0,0,0.0,0.0,29550.0,4190.0,13.820242518723305,18,6,22.85508291276135,100.0,15.184971838197642,45.558441810494884,24.297012829886818,83,Gold,False,False,False,True,False,Quick Wins
1,Alexandra Retail Centre,Central,Unknown,1.27414893629255,103.8013994166651,1,17,27.419354838709676,1,14.285714285714285,0,0.0,2,12.5,0,134,28.15126050420168,0.0,28920.0,5430.0,14.794849774643454,3,9,20.47584715212689,100.0,15.30789735248938,45.09023230892345,24.2425978394196,84,Gold,False,False,False,True,False,Quick Wins
168,Yew Tee Square,West,Unknown,1.398191971113012,103.7473149082766,0,16,25.806451612903224,0,0.0,2,100.0,4,25.0,8,8,1.680672268907563,0.0,72320.0,7210.0,30.91643125768003,4,10,23.792357606344627,0.0,26.7996445890184,18.23626295467489,24.230630098715345,85,Gold,False,False,False,True,False,Quick Wins
87,Pioneer Mall,West,Unknown,1.341650627650517,103.6971292926576,1,5,8.064516129032258,0,0.0,0,0.0,3,18.75,0,18,3.7815126050420167,0.0,131300.0,14920.0,57.87731979899746,8,19,50.21629416005768,100.0,4.743644769735851,69.36453798635172,24.12991273472061,86,Gold,False,False,False,False,True,Strategic Investment
44,Thomson Plaza,Central,Unknown,1.354669024964243,103.830919782333,1,25,40.32258064516129,1,14.285714285714285,0,0.0,2,12.5,0,12,2.5210084033613445,0.0,29390.0,6000.0,15.49527235498985,10,4,12.112472963229992,100.0,16.044320954188127,42.53591510607328,23.99179919975367,87,Gold,False,False,False,True,False,Quick Wins
30,Palais Renaissance,Central,City Developments Limited,1.306654845431923,103.8295880451874,0,4,6.451612903225806,4,57.14285714285714,0,0.0,1,6.25,0,0,0.0,0.0,29800.0,4210.0,13.922414828582925,20,4,18.96178803172314,100.0,15.184971838197642,44.29473428676869,23.917900572768954,88,Gold,False,False,False,True,False,Quick Wins
199,Sembawang Town Centre,North,Unknown,1.439777014762418,103.8005734598214,0,7,11.29032258064516,0,0.0,1,50.0,2,12.5,8,19,3.9915966386554618,0.0,134250.0,11490.0,55.58263478672225,4,16,39.58183129055515,50.0,13.301933676696486,48.38815535909247,23.82780018141528,89,Gold,False,False,False,False,True,Strategic Investment
6,The Centrepoint,Central,Frasers Centrepoint,1.302303823328855,103.8397581729686,0,7,11.29032258064516,2,28.57142857142857,0,0.0,1,6.25,0,10,2.100840336134454,26.666666666666664,16230.0,2000.0,7.302918144756092,36,6,35.18385003604902,100.0,13.376241177474572,47.49558939360171,23.612045642312715,90,Gold,False,False,False,False,True,Strategic Investment
4,Capitol Piazza,Central,Unknown,1.293078847631338,103.8512619821488,0,14,22.58064516129032,0,0.0,0,0.0,2,12.5,0,46,9.663865546218489,0.0,8140.0,1800.0,4.42361137656579,58,13,68.67339581831291,100.0,8.735053161049366,57.699002398292905,23.424237932222425,91,Gold,False,False,False,False,True,Strategic Investment
52,Downtown East,East,Unknown,1.379127178780095,103.9554447581442,0,20,32.25806451612903,0,0.0,0,0.0,1,6.25,0,202,42.436974789915965,20.0,39860.0,3620.0,16.702065369186307,2,2,1.36986301369863,100.0,16.59245956447095,39.357309460961645,23.421914533418157,92,Gold,False,False,False,True,False,Quick Wins
175,Hougang Green Shopping Mall,North-East,Unknown,1.379245290701614,103.8878320171013,1,3,4.838709677419355,0,0.0,0,0.0,3,18.75,0,20,4.201680672268908,0.0,145260.0,20740.0,68.07326448416838,11,13,36.4816149963951,100.0,3.8942727628685883,68.1849598268545,23.181478882064358,93,Silver,False,False,False,False,True,Strategic Investment
162,Greenridge Shopping Centre,West,Unknown,1.385175715644299,103.7659151920734,1,6,9.67741935483871,0,0.0,1,50.0,3,18.75,0,14,2.941176470588235,0.0,105220.0,12660.0,47.05295013781567,16,13,39.90627253064167,50.0,13.431636095298332,45.65307422281912,23.098067533554566,94,Silver,False,False,False,False,False,Future Monitoring
76,Oasis Terraces,North-East,Unknown,1.402817186555658,103.9136086024412,0,16,25.806451612903224,0,0.0,0,0.0,1,6.25,4,7,1.4705882352941175,0.0,99540.0,8310.0,41.01205356461608,14,11,33.273251622206196,100.0,8.026301918616909,58.09510172894076,23.046941861714064,95,Silver,False,False,False,False,True,Strategic Investment
215,Chong Pang City,North,Unknown,1.430832994617558,103.829006127711,0,3,4.838709677419355,0,0.0,1,50.0,9,56.25,0,2,0.4201680672268907,0.0,95710.0,14380.0,45.53499783867429,5,9,21.84571016582552,50.0,15.974104695641694,39.1269026681666,22.919944087399163,96,Silver,False,False,False,True,False,Quick Wins
5,Cathay Cineleisure Orchard,Central,Cathay Organisation,1.30152101873534,103.8364296550156,0,16,25.806451612903224,1,14.285714285714285,0,0.0,3,18.75,0,1,0.2100840336134453,0.0,20960.0,2750.0,9.590824103442664,29,6,30.38932948810382,100.0,12.449737959700007,46.66005119718216,22.712831930944652,97,Silver,False,False,False,False,True,Strategic Investment
113,Fu Lu Shou Complex,Central,Unknown,1.301512585719199,103.854497235401,0,3,4.838709677419355,1,14.285714285714285,0,0.0,0,0.0,1,1,0.2100840336134453,0.0,32840.0,7800.0,18.36037435581389,54,17,76.45998558038933,100.0,4.542031866510045,64.94011997873442,22.661458300177355,98,Silver,False,False,False,False,True,Strategic Investment
188,Loyang Point,East,Unknown,1.367000540763361,103.9646177762902,2,13,20.967741935483872,0,0.0,0,0.0,4,25.0,0,15,3.1512605042016806,0.0,71240.0,9070.0,32.333480997482404,0,14,31.57894736842105,100.0,8.952290593656818,54.63747612196783,22.657846252150122,99,Silver,False,False,False,False,True,Strategic Investment
165,Limbang Shopping Centre,West,Unknown,1.392460492417345,103.7427781303518,1,3,4.838709677419355,0,0.0,2,100.0,5,31.25,0,32,6.722689075630252,0.0,94850.0,9600.0,40.68524374329826,13,10,29.95674116798846,0.0,22.229940363242072,23.547328303762242,22.625156745398126,100,Silver,False,False,False,True,False,Quick Wins
37,Sim Lim Square,Central,Unknown,1.303024260571796,103.8530378140664,0,6,9.67741935483871,0,0.0,0,0.0,2,12.5,1,1,0.2100840336134453,0.0,43080.0,10010.0,23.873296152386985,53,14,67.88031723143474,100.0,4.100403602301135,63.91787112794058,22.04564385999297,101,Silver,False,False,False,False,True,Strategic Investment
149,Kebun Baru Mall,North-East,Unknown,1.366825902336275,103.8398610741315,0,0,0.0,1,14.285714285714285,1,50.0,3,18.75,0,99,20.798319327731093,0.0,64530.0,14490.0,35.278763724720385,15,7,23.431867339581828,50.0,15.902194211017738,36.236877021434076,22.00259905414264,102,Silver,False,False,False,True,False,Quick Wins
117,Goldhill Plaza,Central,Unknown,1.31783165436361,103.8434865667405,0,10,16.129032258064516,2,28.57142857142857,0,0.0,2,12.5,0,8,1.680672268907563,0.0,25320.0,4140.0,12.366853044810076,5,8,19.2141312184571,100.0,12.405123339658443,43.86032808775573,21.84168476408763,103,Silver,False,False,False,False,False,Future Monitoring
146,Ang Mo Kio Town Centre,North-East,Unknown,1.374483624196232,103.8824421961307,0,1,1.6129032258064515,0,0.0,1,50.0,2,12.5,0,0,0.0,0.0,115320.0,17900.0,55.412411010568206,1,17,40.15861571737563,50.0,10.170250896057347,48.52367557598128,21.67627830003453,104,Silver,False,False,False,False,True,Strategic Investment
213,Woodlands North Plaza,North,Unknown,1.442509261327166,103.7906018262636,1,3,4.838709677419355,0,0.0,1,50.0,3,18.75,0,10,2.100840336134454,0.0,134320.0,11490.0,55.60589612068855,12,9,26.640230713770727,50.0,11.994179392186982,44.0820422781531,21.62053825797682,105,Silver,False,False,False,False,False,Future Monitoring
11,Duo,Central,Unknown,1.299534348916636,103.8584016877393,0,2,3.225806451612903,1,14.285714285714285,0,0.0,1,6.25,0,0,0.0,0.0,28070.0,7110.0,16.116464557657988,38,17,65.50108147080029,100.0,4.765104966717869,60.5391820094861,21.49732807954834,106,Silver,False,False,False,False,True,Strategic Investment
80,Gek Poh Shopping Centre,West,Unknown,1.348743571364091,103.6977320910003,0,4,6.451612903225806,0,0.0,2,100.0,2,12.5,0,3,0.6302521008403361,0.0,131260.0,14920.0,57.86402760815958,0,8,15.789473684210526,0.0,19.917698262100537,24.551167097456705,21.307738912707386,107,Silver,False,False,False,True,False,Quick Wins
164,Keat Hong Shopping Centre,West,Unknown,1.377366074413961,103.7443936487673,0,3,4.838709677419355,0,0.0,1,50.0,2,12.5,0,0,0.0,0.0,95430.0,8920.0,40.22871252827061,12,16,45.06128334534967,50.0,11.066308243727597,45.09666529120676,21.275415357971347,108,Silver,False,False,False,False,False,Future Monitoring
121,Holland Road Shopping Centre,Central,Unknown,1.310277475741183,103.7953711631031,1,8,12.903225806451612,0,0.0,1,50.0,5,31.25,1,1,0.2100840336134453,0.0,51280.0,12280.0,28.76560456759661,11,9,25.95529920692141,50.0,15.41312761663805,34.90696792483934,21.261279709098435,109,Silver,False,False,False,True,False,Quick Wins
91,The Star Vista,Central,Unknown,1.306970440383233,103.7884202741146,2,13,20.967741935483872,0,0.0,0,0.0,2,12.5,1,21,4.411764705882353,0.0,66380.0,14660.0,36.0558445465167,13,7,22.0620043258832,100.0,7.703457727176893,52.7059496241333,21.20420529626382,110,Silver,False,False,False,False,True,Strategic Investment
77,Punggol Plaza,North-East,Unknown,1.39423719717118,103.913047323223,1,8,12.903225806451612,0,0.0,1,50.0,2,12.5,3,6,1.2605042016806722,0.0,99540.0,8310.0,41.01205356461608,16,8,26.74837779379957,50.0,13.446507635312189,39.25347711947189,21.1885984805601,111,Silver,False,False,False,False,False,Future Monitoring
167,Teck Whye Shopping Centre,West,Unknown,1.380047529753983,103.7524838411989,0,1,1.6129032258064515,0,0.0,1,50.0,3,18.75,0,0,0.0,0.0,105200.0,11130.0,45.58545108249858,20,12,40.01441961067051,50.0,10.864695340501791,45.199956897723034,21.165273807668164,112,Silver,False,False,False,False,False,Future Monitoring
229,Waterloo Centre,Central,Unknown,1.298694452515225,103.8520820134851,0,7,11.29032258064516,0,0.0,0,0.0,0,0.0,0,7,1.4705882352941175,0.0,12010.0,2700.0,6.568956110659272,49,20,80.93006488824801,100.0,3.2995994096563357,62.49967366630242,21.05962168665016,113,Silver,False,False,False,False,True,Strategic Investment
70,Sembawang Shopping Centre,North,CapitaLand Mall Trust,1.441824706757328,103.8248452072371,2,13,20.967741935483872,0,0.0,0,0.0,0,0.0,0,7,1.4705882352941175,0.0,115140.0,13750.0,51.39015184880601,9,6,16.69069935111752,100.0,5.987771452667089,56.026950399974524,20.99952513685932,114,Silver,False,False,False,False,True,Strategic Investment
92,West Coast Plaza,West,Unknown,1.303624575279406,103.7658583869225,2,16,25.806451612903224,0,0.0,1,50.0,2,12.5,0,16,3.361344537815126,0.0,45260.0,9410.0,24.02483703936604,2,7,14.527757750540736,50.0,17.264163730008132,29.517531596635596,20.940174089996372,115,Silver,False,False,False,True,False,Quick Wins
212,Woodlands Mart,North,Unknown,1.445716026032443,103.7985954754904,1,4,6.451612903225806,0,0.0,0,0.0,4,25.0,0,0,0.0,0.0,134270.0,11490.0,55.5892808821412,4,9,21.16077865897621,100.0,4.56989247311828,58.916686513705805,20.873930685294535,116,Silver,False,False,False,False,True,Strategic Investment
221,Chinatown Complex,Central,Unknown,1.28227496052711,103.8432385180712,0,2,3.225806451612903,0,0.0,1,50.0,0,0.0,0,45,9.453781512605042,0.0,28350.0,6810.0,15.923068136680396,65,12,70.83633741888968,50.0,10.27981084907081,45.58646851852336,20.871808149906574,117,Silver,False,False,False,False,False,Future Monitoring
95,111 Somerset,Central,Unknown,1.30020625685961,103.8373171327961,1,17,27.419354838709676,0,0.0,0,0.0,3,18.75,0,8,1.680672268907563,0.0,20740.0,2550.0,9.326755882605791,32,5,29.812545061283345,100.0,9.886562151742417,46.37976698129638,20.834523600608605,118,Silver,False,False,False,False,True,Strategic Investment
184,Jurong West Town Centre,West,Unknown,1.348727741380813,103.719077108635,0,2,3.225806451612903,0,0.0,1,50.0,3,18.75,0,1,0.2100840336134453,0.0,102390.0,16760.0,50.027231646220066,3,12,28.370583994232152,50.0,11.336066684738409,42.79927188015075,20.77502824336211,119,Silver,False,False,False,False,False,Future Monitoring
33,People's Park Complex,Central,People's Park Development,1.284133971784198,103.8425199726656,0,2,3.225806451612903,0,0.0,1,50.0,0,0.0,0,57,11.974789915966388,0.0,43370.0,9620.0,23.597290252066024,57,10,60.09372746935833,50.0,10.559922893888738,44.56367257380813,20.761047797864553,120,Silver,False,False,False,False,False,Future Monitoring
166,Sunshine Place,West,Unknown,1.378069616434087,103.738943225389,0,2,3.225806451612903,0,0.0,0,0.0,3,18.75,0,39,8.193277310924369,0.0,72910.0,6530.0,30.463223090361844,11,18,49.6395097332372,100.0,3.889754826661847,60.03424427453301,20.7331016610232,121,Silver,False,False,False,False,True,Strategic Investment
133,Riverside Point,Central,Unknown,1.289292505294204,103.8441676190972,0,1,1.6129032258064515,0,0.0,1,50.0,0,0.0,0,76,15.966386554621849,0.0,26890.0,5660.0,14.339876436533702,58,13,68.67339581831291,50.0,10.555404957681997,44.33775741828221,20.69011069586206,122,Silver,False,False,False,False,False,Future Monitoring
141,Tangs,North,Unknown,1.431165470348873,103.7938225924639,0,7,11.29032258064516,0,0.0,1,50.0,1,6.25,0,0,0.0,0.0,76270.0,6800.0,31.837564701902497,12,14,39.79812545061283,50.0,12.163978494623654,40.54523005083845,20.678353961488092,123,Silver,False,False,False,False,False,Future Monitoring
28,Orchard Central,Central,Far East Organization,1.300838908392453,103.8394347338989,0,5,8.064516129032258,2,28.57142857142857,0,0.0,0,0.0,0,10,2.100840336134454,0.0,18990.0,2250.0,8.458780776605646,33,7,35.7606344628695,100.0,8.822776422396915,48.07313841315838,20.597885019625355,124,Silver,False,False,False,False,True,Strategic Investment
177,Bendemeer Shopping Mall,Central,Unknown,1.318682622667645,103.8627028939189,0,4,6.451612903225806,0,0.0,1,50.0,6,37.5,3,20,4.201680672268908,0.0,58560.0,12030.0,30.946081836055622,12,7,21.377072819033884,50.0,14.75896810337038,34.10771821836317,20.563593137868214,125,Silver,False,False,False,True,False,Quick Wins
147,Cheng San Centre,North-East,Unknown,1.373808515395587,103.8545941606006,0,2,3.225806451612903,0,0.0,0,0.0,6,37.5,0,24,5.042016806722689,0.0,63590.0,13970.0,34.46989819483599,4,13,31.687094448449898,100.0,5.622948103972772,55.38566421442864,20.551762937109533,126,Silver,False,False,False,False,True,Strategic Investment
148,Chong Boon Centre,North-East,Unknown,1.367858882609412,103.8560470079234,0,2,3.225806451612903,0,0.0,0,0.0,6,37.5,0,0,0.0,0.0,80530.0,18310.0,44.24299843033815,4,10,23.792357606344627,100.0,5.062724014336917,56.01178534556093,20.34744241370412,127,Silver,False,False,False,False,True,Strategic Investment
182,Yuhua Village,West,Unknown,1.343026442630589,103.7381452861995,0,2,3.225806451612903,0,0.0,1,50.0,6,37.5,0,0,0.0,0.0,73970.0,13320.0,37.298597910773886,5,9,21.84571016582552,50.0,13.396057347670249,36.38143602553314,20.291670951029115,128,Silver,False,False,False,False,False,Future Monitoring
29,Orchard Gateway,Central,Oversea-Chinese Banking Corporation,1.300443252795456,103.8394427800415,0,8,12.903225806451612,1,14.285714285714285,0,0.0,2,12.5,0,10,2.100840336134454,0.0,19000.0,2250.0,8.462103824315118,33,7,35.7606344628695,100.0,8.381148158188006,48.07424609572821,20.28907753945007,129,Silver,False,False,False,False,True,Strategic Investment
48,Wisma Atria,Central,Unknown,1.303704774261485,103.8332057528079,0,9,14.516129032258066,1,14.285714285714285,0,0.0,1,6.25,0,0,0.0,0.0,35610.0,4960.0,16.56920993989233,26,7,30.966113914924293,100.0,7.901305683563748,49.17844128493887,20.284446363976283,130,Silver,False,False,False,False,True,Strategic Investment
220,Cheng Yan Court,Central,Unknown,1.30035670883377,103.8534663603071,0,6,9.67741935483871,0,0.0,0,0.0,0,0.0,0,0,0.0,0.0,23340.0,5900.0,13.389347905145828,47,16,69.0338860850757,100.0,2.6881720430107525,60.80774466340718,20.12404382912968,131,Silver,False,False,False,False,True,Strategic Investment
187,Elias Mall,East,Unknown,1.377905330954687,103.9423358206795,1,3,4.838709677419355,0,0.0,1,50.0,4,25.0,0,6,1.2605042016806722,0.0,76070.0,7460.0,32.401275612767186,2,13,30.317231434751264,50.0,12.59525315502545,37.57283568250616,20.08852791326966,132,Silver,False,False,False,False,False,Future Monitoring
218,Bras Basah Complex,Central,Unknown,1.296815259288559,103.8536194822053,0,4,6.451612903225806,0,0.0,0,0.0,1,6.25,0,5,1.050420168067227,0.0,12140.0,2730.0,6.640799906566667,49,18,75.66690699351116,100.0,2.6032724917924157,60.76923563335927,20.05306143426247,133,Silver,False,False,False,False,True,Strategic Investment
61,SingPost,Central,Unknown,1.318996669036639,103.8948949159614,0,14,22.58064516129032,0,0.0,1,50.0,1,6.25,5,10,2.100840336134454,0.0,29920.0,5910.0,15.585461356538968,14,8,25.378514780100936,50.0,15.53360591548447,30.32132537887997,19.96992175450312,134,Silver,False,False,False,True,False,Quick Wins
122,IMM (Singapore),Central,CapitaLand Integrated Commercial Trust,1.306638973875783,103.7824128667116,0,15,24.193548387096776,0,0.0,1,50.0,0,0.0,0,0,0.0,0.0,36050.0,7390.0,19.035602269535516,10,9,25.270367700072097,50.0,15.053763440860216,31.43532332320254,19.968231405562914,135,Silver,False,False,False,True,False,Quick Wins
84,Junction 10,West,Unknown,1.38033681049385,103.7601678834385,0,1,1.6129032258064515,0,0.0,0,0.0,1,6.25,1,22,4.621848739495799,0.0,101720.0,13350.0,46.548699480239314,13,14,40.483056957462146,100.0,1.6560118671124366,62.34391881256715,19.86238395074885,136,Silver,False,False,False,False,True,Strategic Investment
183,Boon Lay Shopping Centre,West,Unknown,1.346335524573169,103.7124303734547,1,4,6.451612903225806,0,0.0,1,50.0,4,25.0,0,1,0.2100840336134453,0.0,37620.0,4690.0,16.97934494833744,9,15,40.37490987743331,50.0,12.926568476853106,35.78475160859025,19.784023416374247,137,Silver,False,False,False,False,False,Future Monitoring
174,Hougang Town Centre,North-East,Unknown,1.357545633590632,103.8732521755758,0,0,0.0,1,14.285714285714285,0,0.0,1,6.25,0,1,0.2100840336134453,0.0,85650.0,17300.0,44.980044942883126,9,9,24.58543619322278,100.0,3.8923902894491125,56.52182704536864,19.68122131622497,138,Bronze,False,False,False,False,True,Strategic Investment
204,Serangoon Town Centre,North-East,Unknown,1.357545633590632,103.8732521755758,0,0,0.0,1,14.285714285714285,0,0.0,1,6.25,0,1,0.2100840336134453,0.0,85650.0,17300.0,44.980044942883126,9,9,24.58543619322278,100.0,3.8923902894491125,56.52182704536864,19.68122131622497,139,Bronze,False,False,False,False,True,Strategic Investment
12,Far East Plaza,Central,Unknown,1.307176980711882,103.833792932243,0,8,12.903225806451612,1,14.285714285714285,0,0.0,2,12.5,0,0,0.0,0.0,24080.0,3440.0,11.2864310295359,22,6,25.594808940158615,100.0,8.147721454173066,45.62707998989818,19.391529014890597,140,Bronze,False,False,False,False,False,Future Monitoring
25,Millenia Walk,Central,Unknown,1.292605444624933,103.8597249444427,0,8,12.903225806451612,1,14.285714285714285,0,0.0,0,0.0,0,6,1.2605042016806722,0.0,3150.0,840.0,1.8487969476430368,32,10,42.97043979812545,100.0,6.898888587693141,48.273078915256164,19.311145685962046,141,Bronze,False,False,False,False,True,Strategic Investment
97,Anchorpoint,Central,Unknown,1.288614690305858,103.8050099645917,1,11,17.741935483870968,0,0.0,0,0.0,1,6.25,0,0,0.0,0.0,51960.0,10280.0,27.081960099555452,4,11,26.423936553713048,100.0,5.622759856630824,51.16863221775617,19.286521564968428,142,Bronze,False,False,False,False,True,Strategic Investment
67,Canberra Plaza,North,Housing & Development Board,1.443352663745675,103.8309390452592,0,3,4.838709677419355,0,0.0,1,50.0,1,6.25,0,5,1.050420168067227,0.0,108340.0,14730.0,50.06618914538567,5,8,19.2141312184571,50.0,10.488577151290622,39.7601067879476,19.270036042287714,143,Bronze,False,False,False,False,False,Future Monitoring
190,Pasir Ris West Plaza,East,Unknown,1.379767524583477,103.9366463923326,0,9,14.516129032258066,0,0.0,0,0.0,3,18.75,0,0,0.0,0.0,35800.0,3520.0,15.257427413526957,0,15,34.21052631578947,100.0,6.115591397849462,49.82265124310548,19.227709351426267,144,Bronze,False,False,False,False,True,Strategic Investment
222,Crawford Centre,Central,Unknown,1.304802505395983,103.8621555590924,0,0,0.0,0,0.0,2,100.0,1,6.25,0,33,6.932773109243698,0.0,28290.0,6940.0,16.027254611722103,22,15,49.2790194664744,0.0,18.131419234360408,21.768758026065505,19.222620871871936,145,Bronze,False,False,False,True,False,Quick Wins
211,Vista Point,North,Unknown,1.431305886108347,103.7940734725368,1,4,6.451612903225806,0,0.0,1,50.0,1,6.25,0,0,0.0,0.0,76270.0,6800.0,31.837564701902497,12,12,34.53496755587599,50.0,10.819892473118278,38.79084408592617,19.211177956960643,146,Bronze,False,False,False,False,False,Future Monitoring
216,Nee Soon East Courtyard,North,Unknown,1.436288972926408,103.8370270366671,0,3,4.838709677419355,0,0.0,0,0.0,4,25.0,0,14,2.941176470588235,0.0,84530.0,13240.0,40.73135182348352,10,7,20.007209805335258,100.0,4.448661184904069,53.57952054293959,19.187918992314724,147,Bronze,False,False,False,False,True,Strategic Investment
136,Sim Lim Tower,Central,Unknown,1.303772221222989,103.8546614469195,0,2,3.225806451612903,0,0.0,0,0.0,0,0.0,0,0,0.0,0.0,43370.0,10040.0,23.99830871164591,51,11,58.61571737563086,100.0,0.8960573476702508,60.87134202909227,18.888642752096857,148,Bronze,False,False,False,False,True,Strategic Investment
86,Lot 1,Central,Unknown,1.315735793533668,103.8915604670403,1,4,6.451612903225806,0,0.0,0,0.0,1,6.25,1,10,2.100840336134454,0.0,69910.0,13730.0,36.340910941747254,13,11,32.58832011535688,100.0,2.7199858437998854,56.30974368570138,18.796913196370333,149,Bronze,False,False,False,False,True,Strategic Investment
103,Capitol Singapore,Central,Unknown,1.292987753822214,103.8510468298429,0,0,0.0,0,0.0,0,0.0,0,0.0,0,47,9.873949579831931,0.0,8140.0,1800.0,4.42361137656579,60,15,75.30641672674838,100.0,1.0971055088702146,59.91000936777139,18.740976666540565,150,Bronze,False,False,False,False,True,Strategic Investment
107,The Concourse,Central,Unknown,1.301047422574273,103.8626261106681,0,5,8.064516129032258,0,0.0,1,50.0,1,6.25,1,23,4.831932773109244,0.0,26460.0,6750.0,15.237723768221878,25,10,38.17591925018024,50.0,11.804802566187764,34.47121433946738,18.60472609817165,151,Bronze,False,False,False,False,False,Future Monitoring
108,Delfi Orchard,Central,Unknown,1.307178872984664,103.8284699943235,0,3,4.838709677419355,2,28.57142857142857,0,0.0,0,0.0,0,0,0.0,0.0,26680.0,3860.0,12.551441893578165,17,5,19.53857245854362,100.0,7.693292370711724,44.03000478404059,18.594306094710387,152,Bronze,False,False,False,False,False,Future Monitoring
135,Serene Centre,Central,Unknown,1.3225246443153,103.8137065295714,0,3,4.838709677419355,1,14.285714285714285,0,0.0,0,0.0,1,161,33.82352941176471,0.0,20710.0,3380.0,10.109275600075724,6,7,17.267483777937993,100.0,8.276859130749074,42.45891979267124,18.53147732932572,153,Bronze,False,False,False,False,False,Future Monitoring
198,Tanglin Halt Centre,Central,Unknown,1.299692875907111,103.7980644301606,0,0,0.0,0,0.0,1,50.0,3,18.75,0,5,1.050420168067227,0.0,62650.0,13730.0,33.928378304671526,15,8,26.063446286950253,50.0,10.533380018674134,36.6639415305406,18.372548472234072,154,Bronze,False,False,False,False,False,Future Monitoring
55,Katong Shopping Centre,Central,Unknown,1.304097311509515,103.9015159169702,0,1,1.6129032258064515,0,0.0,1,50.0,1,6.25,0,4,0.8403361344537815,0.0,66160.0,13400.0,34.77968211816869,9,11,29.848594087959626,50.0,9.56917713321888,38.20942540204277,18.161251613866046,155,Bronze,False,False,False,False,False,Future Monitoring
176,Kovan City,North-East,Unknown,1.359622892256192,103.8877173328647,0,1,1.6129032258064515,0,0.0,1,50.0,2,12.5,0,1,0.2100840336134453,0.0,61850.0,11310.0,31.351904316048817,3,12,28.370583994232152,50.0,10.19359356645884,36.574162770093665,18.10776432754929,156,Bronze,False,False,False,False,False,Future Monitoring
137,South Beach (Singapore),Central,Unknown,1.294687017424851,103.8555287380588,0,2,3.225806451612903,0,0.0,0,0.0,1,6.25,0,5,1.050420168067227,0.0,9000.0,1930.0,4.833518240878805,43,15,63.66258111031002,100.0,1.707215144122165,56.16536645039628,18.0446605360044,157,Bronze,False,False,False,False,True,Strategic Investment
98,Beauty World Centre,Central,Unknown,1.342412641886426,103.7765393854061,1,5,8.064516129032258,1,14.285714285714285,0,0.0,1,6.25,1,25,5.2521008403361344,0.0,25720.0,4520.0,12.862601178523084,5,8,19.2141312184571,100.0,6.692757748260594,44.025577465660064,17.892603663480436,158,Bronze,False,False,False,False,False,Future Monitoring
22,Marina Bay Sands,Central,Unknown,1.283994101392069,103.859450636919,0,10,16.129032258064516,0,0.0,0,0.0,2,12.5,0,0,0.0,0.0,60.0,0.0,0.0199382862568241,47,4,37.45493871665465,100.0,5.869175627240144,45.824959000970495,17.855910639359248,159,Bronze,False,False,False,False,False,Future Monitoring
181,Yuhua Place,West,Unknown,1.346051640166172,103.7314200154205,0,1,1.6129032258064515,0,0.0,0,0.0,1,6.25,0,9,1.8907563025210083,0.0,97820.0,18110.0,49.797586748784454,5,8,19.2141312184571,100.0,1.3525571518930153,56.337239322413865,17.84796180304927,160,Bronze,False,False,False,False,True,Strategic Investment
186,Balestier Hill Shopping Centre,Central,Unknown,1.325896202188377,103.8429354800027,0,0,0.0,0,0.0,0,0.0,2,12.5,0,7,1.4705882352941175,0.0,72700.0,12920.0,36.49464850921407,6,12,30.4253785147801,100.0,1.5522875816993462,55.64000900799806,17.77860400958896,161,Bronze,False,False,False,False,True,Strategic Investment
194,Fernvale Point,North-East,Unknown,1.396315518423384,103.8811673248214,0,0,0.0,0,0.0,0,0.0,1,6.25,2,112,23.52941176470588,0.0,106920.0,9150.0,44.26649969336522,11,3,10.165825522710886,100.0,3.3088235294117645,51.47744173869203,17.759408992195844,162,Bronze,False,False,False,False,True,Strategic Investment
54,Jewel Changi Airport,East,Unknown,1.360341006610217,103.9890775502096,0,24,38.70967741935484,0,0.0,0,0.0,0,0.0,0,0,0.0,0.0,0.0,0.0,0.0,2,2,1.36986301369863,100.0,10.75268817204301,33.789954337899545,17.66386802179997,163,Bronze,False,False,False,False,False,Future Monitoring
99,Beauty World Plaza,Central,Unknown,1.34180018619223,103.7762593598538,0,3,4.838709677419355,1,14.285714285714285,0,0.0,1,6.25,1,17,3.571428571428571,0.0,25720.0,4520.0,12.862601178523084,5,10,24.47728911319394,100.0,5.609959037378392,45.779963430572344,17.660960355336577,164,Bronze,False,False,False,False,False,Future Monitoring
196,Mei Ling Heights,Central,Unknown,1.29339372009263,103.8032078198613,0,0,0.0,0,0.0,0,0.0,4,25.0,0,3,0.6302521008403361,0.0,45420.0,9220.0,23.896592690050483,8,12,31.79524152847873,100.0,2.8478057889822592,51.89727807284307,17.562647474140505,165,Bronze,False,False,False,False,True,Strategic Investment
228,Upper Aljunied,Central,Unknown,1.332235278449508,103.8790511574748,2,2,3.225806451612903,0,0.0,0,0.0,3,18.75,0,39,8.193277310924369,0.0,43730.0,8230.0,22.38973982956878,11,9,25.95529920692141,100.0,3.889754826661847,49.44834634549673,17.557332282312313,166,Bronze,False,False,False,False,True,Strategic Investment
170,Geylang East Central,Central,Unknown,1.318939065551238,103.886798789505,0,1,1.6129032258064515,0,0.0,0,0.0,3,18.75,0,1,0.2100840336134453,0.0,68350.0,13410.0,35.51697762510419,16,6,21.485219899062724,100.0,2.5547046775699527,52.33406584138898,17.48851302671566,167,Bronze,False,False,False,False,True,Strategic Investment
150,Teck Ghee Square,North-East,Unknown,1.361913471952152,103.8552476669003,0,1,1.6129032258064515,0,0.0,1,50.0,3,18.75,0,3,0.6302521008403361,0.0,47640.0,11500.0,26.811266633558063,4,8,18.529199711607784,50.0,10.934723351706273,31.78015544838862,17.188352980710977,168,Bronze,False,False,False,False,False,Future Monitoring
82,IMM,West,Unknown,1.334875261180072,103.7468947730077,0,12,19.35483870967742,0,0.0,0,0.0,0,0.0,0,2,0.4201680672268907,0.0,39820.0,7360.0,20.259747080321688,4,6,13.266041816870944,100.0,5.423029426824493,44.50859629906421,17.148699488496405,169,Bronze,False,False,False,False,False,Future Monitoring
172,Joo Chiat Complex,Central,Unknown,1.315845000007331,103.8991760000613,1,3,4.838709677419355,0,0.0,2,100.0,0,0.0,0,17,3.571428571428571,0.0,39280.0,7500.0,20.213975323870237,9,8,21.95385724585436,0.0,18.40757808499744,14.0559441899082,17.10208791647067,170,Bronze,False,False,False,True,False,Quick Wins
191,Pasir Ris Neighbourhood 4 Centre,East,Unknown,1.368356310971952,103.9595970080893,0,0,0.0,0,0.0,2,100.0,1,6.25,0,1,0.2100840336134453,0.0,54420.0,6900.0,24.672186042323304,0,11,23.684210526315788,0.0,17.3844537815126,16.118798856213033,17.00475730392273,171,Bronze,False,False,False,True,False,Quick Wins
230,Zhujiao Centre,Central,Unknown,1.306247229149706,103.8499560339021,0,1,1.6129032258064515,0,0.0,0,0.0,2,12.5,4,7,1.4705882352941175,0.0,35650.0,7540.0,19.04590123957808,41,5,35.97692862292718,100.0,2.0003162555344716,51.67427662083509,16.902504365124656,172,Bronze,False,False,False,False,True,Strategic Investment
42,Tekka Centre,Central,Unknown,1.306247229149706,103.8499560339021,0,1,1.6129032258064515,0,0.0,0,0.0,2,12.5,4,7,1.4705882352941175,0.0,35650.0,7540.0,19.04590123957808,41,5,35.97692862292718,100.0,2.0003162555344716,51.67427662083509,16.902504365124656,173,Bronze,False,False,False,False,True,Strategic Investment
226,Rochor Centre,Central,Unknown,1.307619414430839,103.8542189067751,1,1,1.6129032258064515,0,0.0,0,0.0,2,12.5,0,14,2.941176470588235,0.0,42670.0,9990.0,23.71795507917583,33,4,27.865897620764237,100.0,2.1637149483449294,50.52795089998003,16.672985733835457,174,Bronze,False,False,False,False,True,Strategic Investment
56,Kallang Wave Mall,Central,Unknown,1.30307515150401,103.8731497075906,1,8,12.903225806451612,1,14.285714285714285,0,0.0,0,0.0,3,3,0.6302521008403361,0.0,20410.0,4400.0,10.98348614205704,10,2,6.8493150684931505,100.0,6.82886057648866,39.27760040351673,16.56348252459708,175,Bronze,False,False,False,False,False,Future Monitoring
153,Bishan North Shopping Mall,Central,Unknown,1.358144323794578,103.844756001146,0,0,0.0,0,0.0,0,0.0,4,25.0,0,9,1.8907563025210083,0.0,50760.0,9570.0,26.00528221655773,6,6,14.635904830569572,100.0,2.987861811391223,46.88039568237576,16.155621972686582,176,Bronze,False,False,False,False,True,Strategic Investment
173,Central Place,East,Unknown,1.336124083305454,103.9646510003614,0,4,6.451612903225806,0,0.0,0,0.0,1,6.25,0,0,0.0,0.0,39450.0,5900.0,18.7427777651031,13,8,24.69358327325162,100.0,2.486559139784946,47.81212034611824,16.084227501684936,177,Bronze,False,False,False,False,True,Strategic Investment
225,Potong Pasir,Central,Unknown,1.335740847343736,103.8656655961177,1,5,8.064516129032258,0,0.0,1,50.0,0,0.0,0,8,1.680672268907563,0.0,46840.0,10130.0,25.237338793885073,6,4,9.372746935832732,50.0,10.760218065720913,28.203361909905933,15.99316121897642,178,Bronze,False,False,False,False,False,Future Monitoring
100,Bukit Timah Shopping Centre,West,Unknown,1.343164753416988,103.7760313543784,0,6,9.67741935483871,0,0.0,0,0.0,2,12.5,0,18,3.7815126050420167,0.0,25720.0,4520.0,12.862601178523084,4,6,13.266041816870944,100.0,4.4972289991265315,42.04288099846468,15.760924598927977,179,Bronze,False,False,False,False,False,Future Monitoring
90,The Rail Mall,West,Unknown,1.35781103484491,103.7680806329584,0,8,12.903225806451612,0,0.0,0,0.0,0,0.0,0,13,2.73109243697479,0.0,19300.0,2540.0,8.838688953880588,4,8,18.529199711607784,100.0,3.8876841059004246,42.455962888496124,15.458167740679132,180,Bronze,False,False,False,False,False,Future Monitoring
57,Leisure Park Kallang,Central,Unknown,1.302301084052293,103.8764739758827,0,11,17.741935483870968,0,0.0,0,0.0,0,0.0,5,6,1.2605042016806722,0.0,12030.0,1780.0,5.697180818427036,9,4,11.427541456380675,100.0,5.068371434595344,39.04157409160257,15.260332231697511,181,Bronze,False,False,False,False,False,Future Monitoring
88,Queensway Shopping Centre,Central,Unknown,1.287595189398704,103.8033972877883,0,3,4.838709677419355,0,0.0,0,0.0,1,6.25,0,2,0.4201680672268907,0.0,35870.0,7800.0,19.367257811783507,4,7,15.897620764239363,100.0,2.0852158067528084,45.088292858674286,14.986138922329252,182,Bronze,False,False,False,False,False,Future Monitoring
219,Changi Village,East,Unknown,1.388705940647076,103.9879801853468,0,3,4.838709677419355,0,0.0,0,0.0,0,0.0,0,139,29.20168067226891,0.0,540.0,120.0,0.2940212790485271,0,8,15.789473684210526,100.0,4.588717207313033,38.69449832108635,14.820451541445028,183,Bronze,False,False,False,False,False,Future Monitoring
18,Jelita Mall,Central,Unknown,1.317545559398872,103.7858505425145,0,1,1.6129032258064515,0,0.0,0,0.0,1,6.25,0,8,1.680672268907563,0.0,35810.0,6830.0,18.421157845068375,2,8,17.159336697909154,100.0,1.3292144814915212,45.19349818099251,14.488499591341819,184,Bronze,False,False,False,False,False,Future Monitoring
214,Woodlands Regional Centre,North,Unknown,1.451934552427674,103.802904054254,0,0,0.0,0,0.0,0,0.0,0,0.0,0,0,0.0,0.0,50.0,0.0,0.0166152385473534,0,8,15.789473684210526,100.0,0.0,38.6020296409193,11.580608892275789,185,Bronze,False,False,False,False,False,Future Monitoring
