mall_id,name,region,operator,lat,lon,postal_code,address
0,313@somerset,Central,Unknown,1.301014364040584,103.8383606644851,238895,313 ORCHARD ROAD 313 @ SOMERSET SINGAPORE 238895
1,Alexandra Retail Centre,Central,Unknown,1.27414893629255,103.8013994166651,,460 ALEXANDRA ROAD ALEXANDRA RETAIL CENTRE (ARC)
2,Bugis Junction,Central,CapitaMall Trust,1.299112874758746,103.8554111737572,188021,200 VICTORIA STREET BUGIS JUNCTION SINGAPORE 188021
3,Bugis+,Central,CapitaMall Trust,1.299603689902971,103.8542423474883,188067,201 VICTORIA STREET BUGIS+ SINGAPORE 188067
4,Capitol Piazza,Central,Unknown,1.293078847631338,103.8512619821488,178905,13 STAMFORD ROAD CAPITOL PIAZZA SINGAPORE 178905
5,Cathay Cineleisure Orchard,Central,Cathay Organisation,1.30152101873534,103.8364296550156,239695,8 GRANGE ROAD CATHAY CINELEISURE ORCHARD SINGAPORE 239695
6,The Centrepoint,Central,Frasers Centrepoint,1.302303823328855,103.8397581729686,,176 ORCHARD ROAD AMB AQUATIC HUB THE CENTREPOINT
7,City Square Mall,Central,Unknown,1.311421031076843,103.8566240199911,208539,180 KITCHENER ROAD CITY SQUARE MALL SINGAPORE 208539
8,CityLink Mall,Central,Unknown,1.292777731289308,103.854173501417,039393,1 RAFFLES LINK CITYLINK MALL SINGAPORE 039393
9,Chinatown Point,Central,Unknown,1.284998828474023,103.8446970811421,059413,133 NEW BRIDGE ROAD CHINATOWN POINT SINGAPORE 059413
11,Duo,Central,Unknown,1.299534348916636,103.8584016877393,,7 FRASER STREET DUO GALLERIA
12,Far East Plaza,Central,Unknown,1.307176980711882,103.833792932243,228213,14 SCOTTS ROAD FAR EAST PLAZA SINGAPORE 228213
13,Funan,Central,Unknown,1.291347596977954,103.8499897900843,179105,107 NORTH BRIDGE ROAD FUNAN SINGAPORE 179105
14,Great World,Central,Unknown,1.293422726500028,103.8320221466545,237994,1 KIM SENG PROMENADE GREAT WORLD CITY SINGAPORE 237994
15,HDB Hub,Central,Unknown,1.332054851904816,103.8485076430788,310480,480 LORONG 6 TOA PAYOH HDB HUB SINGAPORE 310480
17,ION Orchard,Central,Unknown,1.303979741445055,103.832032328465,238801,2 ORCHARD TURN ION ORCHARD SINGAPORE 238801
18,Jelita Mall,Central,Unknown,1.317545559398872,103.7858505425145,278628,293 HOLLAND ROAD JELITA MALL SINGAPORE 278628
19,Junction 8,Central,Unknown,1.350481253450499,103.848760473211,579837,9 BISHAN PLACE JUNCTION 8 SINGAPORE 579837
20,Liat Towers,Central,Unknown,1.305087227108509,103.8307225811674,238881,541 ORCHARD ROAD LIAT TOWERS SINGAPORE 238881
21,Lucky Plaza,Central,Unknown,1.304506046466357,103.8339623398165,238863,304 ORCHARD ROAD LUCKY PLAZA SINGAPORE 238863
22,Marina Bay Sands,Central,Unknown,1.283994101392069,103.859450636919,,MARINA BAY SANDS
23,Marina Bay Link Mall,Central,Unknown,1.280238254460868,103.8533696625463,018984,8A MARINA BOULEVARD MARINA BAY LINK MALL SINGAPORE 018984
24,Marina Square,Central,Unknown,1.291855332730248,103.8585780890598,039594,6 RAFFLES BOULEVARD MARINA SQUARE SINGAPORE 039594
25,Millenia Walk,Central,Unknown,1.292605444624933,103.8597249444427,039596,9 RAFFLES BOULEVARD MILLENIA WALK SINGAPORE 039596
26,Mustafa Centre,Central,Unknown,1.310112131903957,103.8552908739255,207704,145 SYED ALWI ROAD MUSTAFA CENTRE SINGAPORE 207704
27,Ngee Ann City,Central,Ngee Ann Development,1.30224168528687,103.8351819122968,238872,391 ORCHARD ROAD NGEE ANN CITY SINGAPORE 238872
28,Orchard Central,Central,Far East Organization,1.300838908392453,103.8394347338989,238896,181 ORCHARD ROAD ORCHARD CENTRAL SINGAPORE 238896
29,Orchard Gateway,Central,Oversea-Chinese Banking Corporation,1.300443252795456,103.8394427800415,,277 ORCHARD ROAD ORCHARD GATEWAY
30,Palais Renaissance,Central,City Developments Limited,1.306654845431923,103.8295880451874,238871,390 ORCHARD ROAD PALAIS RENAISSANCE SINGAPORE 238871
31,The Paragon,Central,Unknown,1.303872308799947,103.8358575454689,238859,290 ORCHARD ROAD THE PARAGON SINGAPORE 238859
32,People's Park Centre,Central,Management Corporation Strata Title 0393,1.285770099818055,103.8439801228374,058357,101 UPPER CROSS STREET PEOPLE'S PARK CENTRE SINGAPORE 058357
33,People's Park Complex,Central,People's Park Development,1.284133971784198,103.8425199726656,059108,1 PARK ROAD PEOPLE'S PARK COMPLEX SINGAPORE 059108
34,Plaza Singapura,Central,DBS Land,1.300747709639166,103.8450475734307,238839,68 ORCHARD ROAD PLAZA SINGAPURA SINGAPORE 238839
35,Raffles City,Central,Tincel Properties,1.293893578633135,103.8531199046559,,252 NORTH BRIDGE ROAD RAFFLES CITY SHOPPING CENTRE
37,Sim Lim Square,Central,Unknown,1.303024260571796,103.8530378140664,188504,1 ROCHOR CANAL ROAD SIM LIM SQUARE SINGAPORE 188504
38,The South Beach,Central,Unknown,1.294988043920564,103.856276242094,,38 BEACH ROAD THE SOUTH BEACH
39,Square 2,Central,Unknown,1.320705109568455,103.8441607096606,307506,10 SINARAN DRIVE SQUARE 2 SINGAPORE 307506
40,Suntec City,Central,Unknown,1.29485990186642,103.860333693777,,3 TEMASEK BOULEVARD GOLDEN VILLAGE (GV SUNTEC CITY)
41,Tanjong Pagar Centre,Central,Unknown,1.276583606968434,103.8459363035937,078883,5 WALLICH STREET TANJONG PAGAR CENTRE SINGAPORE 078883
42,Tekka Centre,Central,Unknown,1.306247229149706,103.8499560339021,210662,662 BUFFALO ROAD ZHUJIAO CENTRE (TEKKA MARKET) SINGAPORE 210662
43,Tiong Bahru Plaza,Central,Unknown,1.286458894728254,103.8270152561934,168732,302 TIONG BAHRU ROAD TIONG BAHRU PLAZA SINGAPORE 168732
44,Thomson Plaza,Central,Unknown,1.354669024964243,103.830919782333,574408,301 UPPER THOMSON ROAD THOMSON PLAZA SINGAPORE 574408
46,VivoCity,Central,Unknown,1.264293167839738,103.8223046936493,098585,1 HARBOURFRONT WALK VIVOCITY SINGAPORE 098585
47,Wheelock Place,Central,Unknown,1.304676287302523,103.8306420275763,238880,501 ORCHARD ROAD WHEELOCK PLACE SINGAPORE 238880
48,Wisma Atria,Central,Unknown,1.303704774261485,103.8332057528079,238877,435 ORCHARD ROAD WISMA ATRIA SINGAPORE 238877
49,Bedok Mall,East,Unknown,1.324736327847299,103.929256259998,467360,311 NEW UPPER CHANGI ROAD BEDOK MALL SINGAPORE 467360
50,Century Square,East,Unknown,1.35236829566862,103.9438123022526,529509,2 TAMPINES CENTRAL 5 CENTURY SQUARE SINGAPORE 529509
51,Changi City Point,East,Unknown,1.334036379027078,103.9629176155306,,5 CHANGI BUSINESS PARK CENTRAL 1 CHANGI CITY POINT
52,Downtown East,East,Unknown,1.379127178780095,103.9554447581442,519599,1 PASIR RIS CLOSE COSTA SANDS RESORT (DOWNTOWN EAST) SINGAPORE 519599
53,Eastpoint Mall,East,Unknown,1.342705923555769,103.9530246182335,528833,3 SIMEI STREET 6 EASTPOINT MALL SINGAPORE 528833
54,Jewel Changi Airport,East,Unknown,1.360341006610217,103.9890775502096,819666,78 AIRPORT BOULEVARD JEWEL CHANGI AIRPORT SINGAPORE 819666
55,Katong Shopping Centre,East,Unknown,1.304097311509515,103.9015159169702,437844,865 MOUNTBATTEN ROAD KATONG SHOPPING CENTRE SINGAPORE 437844
56,Kallang Wave Mall,East,Unknown,1.30307515150401,103.8731497075906,397628,1 STADIUM PLACE KALLANG WAVE MALL SINGAPORE 397628
57,Leisure Park Kallang,East,Unknown,1.302301084052293,103.8764739758827,397693,5 STADIUM WALK LEISURE PARK KALLANG SINGAPORE 397693
59,Our Tampines Hub,East,Unknown,1.35354740485205,103.9403811045466,,1 TAMPINES WALK HAWKER CENTRE @ OUR TAMPINES HUB
60,Parkway Parade,East,Unknown,1.301069755063101,103.9052794915233,449269,80 MARINE PARADE ROAD PARKWAY PARADE SINGAPORE 449269
61,SingPost,East,Unknown,1.318996669036639,103.8948949159614,408600,10 EUNOS ROAD 8 SINGAPORE POST CENTRE SINGAPORE 408600
62,Tampines 1,East,ARMF II (Tampines) Pte Ltd,1.352227945045802,103.9524374430853,,203 TAMPINES STREET 21 PCF TAMPINES EAST 3-IN-1 FAMILY CENTRE (STUDENT CARE)
63,Tampines Mall,East,CapitaMall Trust,1.352527372785196,103.9446987510717,529510,4 TAMPINES CENTRAL 5 TAMPINES MALL SINGAPORE 529510
64,White Sands,East,Unknown,1.365636109416956,103.9608618146777,,2 PASIR RIS STREET 11 LEARNING LEAP PTE LTD (WHITE SANDS PRIMARY SCHOOL)
65,Pasir Ris Mall,East,Unknown,1.373824377794677,103.9487488736156,519612,7 PASIR RIS CENTRAL PASIR RIS MALL SINGAPORE 519612
66,AMK Hub,North,Mercatus Co-operative Ltd,1.369389226903445,103.8484779659393,569933,53 ANG MO KIO AVENUE 3 AMK HUB SINGAPORE 569933
67,Canberra Plaza,North,Housing & Development Board,1.443352663745675,103.8309390452592,,132 CANBERRA VIEW 7 ELEVEN CANBERRA PLAZA
68,Causeway Point,North,Frasers Centrepoint,1.436070065080311,103.7859815242531,738099,1 WOODLANDS SQUARE CAUSEWAY POINT SINGAPORE 738099
69,Northpoint City,North,Unknown,1.429698486262892,103.8357764914675,769098,930 YISHUN AVENUE 2 NORTHPOINT CITY SINGAPORE 769098
70,Sembawang Shopping Centre,North,CapitaLand Mall Trust,1.441824706757328,103.8248452072371,758459,604 SEMBAWANG ROAD SEMBAWANG SHOPPING CENTRE SINGAPORE 758459
71,Sun Plaza,North,Canberra Development Pte Ltd,1.44819535371132,103.8195021271551,757713,30 SEMBAWANG DRIVE SUN PLAZA SINGAPORE 757713
72,Compass One,North-East,Unknown,1.39205314156707,103.8950705438402,545078,1 SENGKANG SQUARE COMPASS ONE SINGAPORE 545078
73,Heartland Mall,North-East,Unknown,1.359541773255625,103.8851673727259,530205,205 HOUGANG STREET 21 HEARTLAND MALL-KOVAN SINGAPORE 530205
74,Hougang Mall,North-East,Unknown,1.372491186358026,103.8937740666245,538766,90 HOUGANG AVENUE 10 HOUGANG MALL SINGAPORE 538766
75,NEX,North-East,Unknown,1.350769352578452,103.8722961438613,556083,23 SERANGOON CENTRAL NEX SINGAPORE 556083
76,Oasis Terraces,North-East,Unknown,1.402817186555658,103.9136086024412,,681 PUNGGOL DRIVE ACT 3 DRAMA ACADEMY OASIS TERRACES
77,Punggol Plaza,North-East,Unknown,1.39423719717118,103.913047323223,820168,168 PUNGGOL FIELD PUNGGOL PLAZA SINGAPORE 820168
78,The Seletar Mall,North-East,Unknown,1.391470153746278,103.876125507257,797653,33 SENGKANG WEST AVENUE THE SELETAR MALL SINGAPORE 797653
79,Waterway Point,North-East,Unknown,1.406536116905548,103.9019881717096,,83 PUNGGOL CENTRAL SHAW THEATRES WATERWAY POINT
80,Gek Poh Shopping Centre,West,Unknown,1.348743571364091,103.6977320910003,640762,762 JURONG WEST STREET 75 GEK POH SHOPPING CENTRE SINGAPORE 640762
81,Hillion Mall,West,Unknown,1.37843100827587,103.7628427898765,678278,17 PETIR ROAD HILLION MALL SINGAPORE 678278
82,IMM,West,Unknown,1.334875261180072,103.7468947730077,609601,2 JURONG EAST STREET 21 IMM BUILDING SINGAPORE 609601
83,Jem,West,Unknown,1.333293344734624,103.743278742341,608549,50 JURONG GATEWAY ROAD JEM SINGAPORE 608549
84,Junction 10,West,Unknown,1.38033681049385,103.7601678834385,677899,1 WOODLANDS ROAD JUNCTION 10 SINGAPORE 677899
85,Jurong Point,West,Unknown,1.334844874712597,103.7204620242775,,399 YUNG SHENG ROAD FAMILY POINT CLINIC AND SURGERY TAMAN JURONG SHOPPING CENTRE
86,Lot 1,West,Unknown,1.315735793533668,103.8915604670403,409050,11 PAYA LEBAR ROAD LOTUS AT PAYA LEBAR (EAST WING) SINGAPORE 409050
87,Pioneer Mall,West,Unknown,1.341650627650517,103.6971292926576,,638 JURONG WEST STREET 61 APEXHUB PIONEER MALL
88,Queensway Shopping Centre,West,Unknown,1.287595189398704,103.8033972877883,149053,1 QUEENSWAY QUEENSWAY SHOPPING CENTRE SINGAPORE 149053
89,The Clementi Mall,West,Unknown,1.314896196393653,103.764423054189,129588,3155 COMMONWEALTH AVENUE WEST THE CLEMENTI MALL SINGAPORE 129588
90,The Rail Mall,West,Unknown,1.35781103484491,103.7680806329584,678042,384 UPPER BUKIT TIMAH ROAD THE RAIL MALL SINGAPORE 678042
91,The Star Vista,West,Unknown,1.306970440383233,103.7884202741146,,1 VISTA EXCHANGE GREEN THE STAR VISTA
92,West Coast Plaza,West,Unknown,1.303624575279406,103.7658583869225,,154 WEST COAST ROAD MINDCHAMPS PRESCHOOL @ WEST COAST PLAZA PTE. LIMITED
93,Westgate,West,Unknown,1.334157675568678,103.7427664844237,608532,3 GATEWAY DRIVE WESTGATE SINGAPORE 608532
94,West Mall,West,Unknown,1.350021075943163,103.7492164938305,658713,1 BUKIT BATOK CENTRAL LINK WEST MALL SINGAPORE 658713
95,111 Somerset,Unknown,Unknown,1.30020625685961,103.8373171327961,238164,111 SOMERSET ROAD 111 SOMERSET SINGAPORE 238164
96,600 @ Toa Payoh,Unknown,Unknown,1.334036238944651,103.8509777064745,319515,600 LORONG 4 TOA PAYOH 600 @ TOA PAYOH SINGAPORE 319515
97,Anchorpoint,Unknown,Unknown,1.288614690305858,103.8050099645917,159953,370 ALEXANDRA ROAD ANCHORPOINT SHOPPING CENTRE SINGAPORE 159953
98,Beauty World Centre,Unknown,Unknown,1.342412641886426,103.7765393854061,588177,144 UPPER BUKIT TIMAH ROAD BEAUTY WORLD CENTRE SINGAPORE 588177
99,Beauty World Plaza,Unknown,Unknown,1.34180018619223,103.7762593598538,588176,140 UPPER BUKIT TIMAH ROAD BEAUTY WORLD PLAZA SINGAPORE 588176
100,Bukit Timah Shopping Centre,Unknown,Unknown,1.343164753416988,103.7760313543784,588179,170 UPPER BUKIT TIMAH ROAD BUKIT TIMAH SHOPPING CENTRE SINGAPORE 588179
101,"Capitol Building, Singapore",Unknown,Unknown,1.293541435570915,103.8515692867832,,15 STAMFORD ROAD CAPITOL BUILDING SINGAPORE
103,Capitol Singapore,Unknown,Unknown,1.292987753822214,103.8510468298429,178884,11 STAMFORD ROAD EDEN RESIDENCES CAPITOL SINGAPORE 178884
104,The Cathay,Unknown,Unknown,1.2992060914543,103.8478268172409,229233,2 HANDY ROAD THE CATHAY SINGAPORE 229233
106,Clementi Mall,Unknown,Unknown,1.314896196393653,103.764423054189,129588,3155 COMMONWEALTH AVENUE WEST THE CLEMENTI MALL SINGAPORE 129588
107,The Concourse,Unknown,Unknown,1.301047422574273,103.8626261106681,199555,300 BEACH ROAD THE CONCOURSE SINGAPORE 199555
108,Delfi Orchard,Unknown,Unknown,1.307178872984664,103.8284699943235,238876,402 ORCHARD ROAD DELFI ORCHARD SINGAPORE 238876
111,Far East Shopping Centre,Unknown,Unknown,1.305506107489141,103.8299848220137,238882,545 ORCHARD ROAD FAR EAST SHOPPING CENTRE SINGAPORE 238882
112,Forum The Shopping Mall,Unknown,Unknown,1.306097521645643,103.8286785560409,238884,583 ORCHARD ROAD FORUM THE SHOPPING MALL SINGAPORE 238884
113,Fu Lu Shou Complex,Unknown,Unknown,1.301512585719199,103.854497235401,188425,149 ROCHOR ROAD FU LU SHOU COMPLEX SINGAPORE 188425
114,"Funan, Singapore",Unknown,Unknown,1.291612706051295,103.8494788502519,179370,67 HILL STREET LYF FUNAN SINGAPORE SINGAPORE 179370
117,Goldhill Plaza,Unknown,Unknown,1.31783165436361,103.8434865667405,,GOLDHILL PLAZA
119,GV Yishun,Unknown,Golden Village,1.429915542023897,103.8364733961239,,51 YISHUN CENTRAL 1 GOLDEN VILLAGE (GV YISHUN)
120,HarbourFront Centre,Unknown,Mapletree Investments,1.263775661432495,103.818562209388,,5 HARBOURFRONT AVENUE HARBOURFRONT CENTRE CHECKPOINT
121,Holland Road Shopping Centre,Unknown,Unknown,1.310277475741183,103.7953711631031,278967,211 HOLLAND AVENUE HOLLAND ROAD SHOPPING CENTRE SINGAPORE 278967
122,IMM (Singapore),Unknown,CapitaLand Integrated Commercial Trust,1.306638973875783,103.7824128667116,,30 DOVER AVENUE IMMANUEL CONGREGATION (SINGAPORE)
125,Lot One,Unknown,CapitaMall Trust,1.385069923256194,103.7452388682375,,21 CHOA CHU KANG AVENUE 4 SHAW THEATRES LOT ONE
127,"Nex, Singapore",Unknown,Unknown,1.320803832320556,103.8787293921758,387293,1 ALJUNIED WALK NEXUS INTERNATIONAL SCHOOL (SINGAPORE) SINGAPORE 387293
128,One Raffles Place,Unknown,Unknown,1.284349546223077,103.8510725458335,048616,1 RAFFLES PLACE ONE RAFFLES PLACE SINGAPORE 048616
130,Orchard Towers,Unknown,Unknown,1.306977965543302,103.8292141386793,238875,400 ORCHARD ROAD ORCHARD TOWERS SINGAPORE 238875
132,Raffles City Shopping Centre,Unknown,Unknown,1.293893578633135,103.8531199046559,,252 NORTH BRIDGE ROAD RAFFLES CITY SHOPPING CENTRE
133,Riverside Point,Unknown,Unknown,1.289292505294204,103.8441676190972,058282,30 MERCHANT ROAD RIVERSIDE POINT SINGAPORE 058282
134,Seletar Mall,Unknown,Unknown,1.391470153746278,103.876125507257,797653,33 SENGKANG WEST AVENUE THE SELETAR MALL SINGAPORE 797653
135,Serene Centre,Unknown,Unknown,1.3225246443153,103.8137065295714,258748,10 JALAN SERENE SERENE CENTRE SINGAPORE 258748
136,Sim Lim Tower,Unknown,Unknown,1.303772221222989,103.8546614469195,208787,10 JALAN BESAR SIM LIM TOWER SINGAPORE 208787
137,South Beach (Singapore),Unknown,Unknown,1.294687017424851,103.8555287380588,189763,30 BEACH ROAD JW MARRIOTT SINGAPORE SOUTH BEACH SINGAPORE 189763
141,Tangs,Unknown,Unknown,1.431165470348873,103.7938225924639,,548 WOODLANDS DRIVE 44 CC TANG DENTAL SURGERY PTE LTD VISTA POINT
146,Ang Mo Kio Town Centre,Unknown,Unknown,1.374483624196232,103.8824421961307,,662 HOUGANG AVENUE 4 ANG MO KIO TOWN COUNCIL (ANG MO KIO-HOUGANG SERVICE CENTRE)
147,Cheng San Centre,Unknown,Unknown,1.373808515395587,103.8545941606006,560532,532 ANG MO KIO AVENUE 10 CHENG SAN CENTRE SINGAPORE 560532
148,Chong Boon Centre,Unknown,Unknown,1.367858882609412,103.8560470079234,560449,449 ANG MO KIO AVENUE 10 CHONG BOON CENTRE SINGAPORE 560449
149,Kebun Baru Mall,Unknown,Unknown,1.366825902336275,103.8398610741315,567226,226G ANG MO KIO AVENUE 1 KEBUN BARU MALL SINGAPORE 567226
150,Teck Ghee Square,Unknown,Unknown,1.361913471952152,103.8552476669003,560407,407 ANG MO KIO AVENUE 10 TECK GHEE SQUARE SINGAPORE 560407
151,Bedok Town Centre,Unknown,Unknown,1.326359095206174,103.9299959190762,460204,204 BEDOK NORTH STREET 1 BEDOK TOWN CENTRE SINGAPORE 460204
153,Bishan North Shopping Mall,Unknown,Unknown,1.358144323794578,103.844756001146,570282,282 BISHAN STREET 22 BISHAN NORTH SHOPPING MALL SINGAPORE 570282
157,Gombak Place,Unknown,Unknown,1.348172638424996,103.7588930854489,650271,271 BUKIT BATOK EAST AVENUE 4 GOMBAK PLACE SINGAPORE 650271
162,Greenridge Shopping Centre,Unknown,Unknown,1.385175715644299,103.7659151920734,,524A JELAPANG ROAD ABOUND LEARNING CENTRE GREENRIDGE SHOPPING CENTRE
164,Keat Hong Shopping Centre,Unknown,Unknown,1.377366074413961,103.7443936487673,680253,253 CHOA CHU KANG AVENUE 1 KEAT HONG SHOPPING CENTRE SINGAPORE 680253
165,Limbang Shopping Centre,Unknown,Unknown,1.392460492417345,103.7427781303518,,533 CHOA CHU KANG STREET 51 BEARFOOT LIMBANG SHOPPING CENTRE
166,Sunshine Place,Unknown,Unknown,1.378069616434087,103.738943225389,,475 CHOA CHU KANG AVENUE 3 EVERCARE MEDICAL CLINIC SUNSHINE PLACE
167,Teck Whye Shopping Centre,Unknown,Unknown,1.380047529753983,103.7524838411989,680137,137 TECK WHYE LANE TECK WHYE SHOPPING CENTRE SINGAPORE 680137
168,Yew Tee Square,Unknown,Unknown,1.398191971113012,103.7473149082766,,623 CHOA CHU KANG STREET 62 7 ELEVEN YEW TEE SQUARE
169,Clementi Town Centre,Unknown,Unknown,1.313355620136862,103.7649456076377,,CLEMENTI TOWN CENTRE
170,Geylang East Central,Unknown,Unknown,1.318939065551238,103.886798789505,,GEYLANG EAST CENTRAL
172,Joo Chiat Complex,Unknown,Unknown,1.315845000007331,103.8991760000613,,1 JOO CHIAT ROAD BUDGET HOME JOO CHIAT COMPLEX
173,Central Place,Unknown,Unknown,1.336124083305454,103.9646510003614,,7 CHANGI BUSINESS PARK CENTRAL 1 SEA KING SEAFOOD TRADING IBM PLACE
174,Hougang Town Centre,Unknown,Unknown,1.357545633590632,103.8732521755758,,216 SERANGOON AVENUE 4 ALJUNIED-HOUGANG TOWN COUNCIL (COLLECTION SERVICE CENTRE)
175,Hougang Green Shopping Mall,Unknown,Unknown,1.379245290701614,103.8878320171013,538719,21 HOUGANG STREET 51 HOUGANG GREEN SHOPPING MALL SINGAPORE 538719
176,Kovan City,Unknown,Unknown,1.359622892256192,103.8877173328647,530211,211 HOUGANG STREET 21 KOVAN CITY SINGAPORE 530211
177,Bendemeer Shopping Mall,Unknown,Unknown,1.318682622667645,103.8627028939189,,25 BENDEMEER ROAD BENDEMEER SHOPPING MALL
181,Yuhua Place,Unknown,Unknown,1.346051640166172,103.7314200154205,600342,342 JURONG EAST STREET 31 YUHUA PLACE SINGAPORE 600342
182,Yuhua Village,Unknown,Unknown,1.343026442630589,103.7381452861995,600252,252 JURONG EAST STREET 24 YUHUA VILLAGE SINGAPORE 600252
183,Boon Lay Shopping Centre,Unknown,Unknown,1.346335524573169,103.7124303734547,640221,221 BOON LAY PLACE BOON LAY SHOPPING CENTRE SINGAPORE 640221
184,Jurong West Town Centre,Unknown,Unknown,1.348727741380813,103.719077108635,,509 JURONG WEST STREET 51 JURONG-CLEMENTI TOWN COUNCIL (JURONG SPRING COLLECTION & SERVICE CENTRE)
186,Balestier Hill Shopping Centre,Unknown,Unknown,1.325896202188377,103.8429354800027,320002,2 BALESTIER ROAD BALESTIER HILL SHOPPING CENTRE SINGAPORE 320002
187,Elias Mall,Unknown,Unknown,1.377905330954687,103.9423358206795,,623 ELIAS ROAD AMAR KIDZ @ ELIAS MALL PTE. LTD.
188,Loyang Point,Unknown,Unknown,1.367000540763361,103.9646177762902,,259 PASIR RIS STREET 21 ADVANCED DENTAL LOYANG POINT
190,Pasir Ris West Plaza,Unknown,Unknown,1.379767524583477,103.9366463923326,,735 PASIR RIS STREET 72 7 ELEVEN PASIR RIS WEST PLAZA
191,Pasir Ris Neighbourhood 4 Centre,Unknown,Unknown,1.368356310971952,103.9595970080893,,1 PASIR RIS DRIVE 4 NEIGHBOURHOOD POLICE CENTRE PASIR RIS
194,Fernvale Point,Unknown,Unknown,1.396315518423384,103.8811673248214,,472C FERNVALE STREET GREENLAND CHILDCARE @ FERNVALE PTE LTD
195,Holland Village,Unknown,Unknown,1.310213107939612,103.795010190754,277732,19 LORONG LIPUT HOLLAND VILLAGE SINGAPORE 277732
196,Mei Ling Heights,Unknown,Unknown,1.29339372009263,103.8032078198613,,MEI LING HEIGHTS
198,Tanglin Halt Centre,Unknown,Unknown,1.299692875907111,103.7980644301606,,17A TANGLIN HALT ROAD TANGLIN HALT HAWKER CENTRE AND MARKET
199,Sembawang Town Centre,Unknown,Unknown,1.439777014762418,103.8005734598214,,676 WOODLANDS DRIVE 71 SEMBAWANG TOWN COUNCIL (KAMPUNG ADMIRALTY COLLECTION CENTRE)
200,Rivervale Plaza,Unknown,Unknown,1.385371516087007,103.9018496347969,,118 RIVERVALE DRIVE BEIJING LANGUAGE SCHOOL RIVERVALE PLAZA
201,Rivervale Mall,Unknown,Unknown,1.392197778384503,103.9044716000245,545082,11 RIVERVALE CRESCENT RIVERVALE MALL SINGAPORE 545082
204,Serangoon Town Centre,Unknown,Unknown,1.357545633590632,103.8732521755758,,216 SERANGOON AVENUE 4 ALJUNIED-HOUGANG TOWN COUNCIL (COLLECTION SERVICE CENTRE)
205,Tampines Mart,Unknown,Unknown,1.354364937990946,103.9600421882809,529287,11 TAMPINES STREET 32 TAMPINES MART SINGAPORE 529287
207,ERA APAC Centre,Unknown,Eng Wah Organisation (former),1.331676533749419,103.8493839451847,319394,450 LORONG 6 TOA PAYOH ERA APAC CENTRE SINGAPORE 319394
209,888 Plaza,Unknown,Unknown,1.437704749703643,103.795268998896,,888 WOODLANDS DRIVE 50 888 EATING HOUSE 888 PLAZA
210,Admiralty Place,Unknown,Unknown,1.440275365386474,103.8012901083348,,678A WOODLANDS AVENUE 6 ACER ACADEMY ADMIRALTY PLACE
211,Vista Point,Unknown,Unknown,1.431305886108347,103.7940734725368,,548 WOODLANDS DRIVE 44 A-STAR BOOK STORE VISTA POINT
212,Woodlands Mart,Unknown,Unknown,1.445716026032443,103.7985954754904,,768 WOODLANDS AVE 6 33 CONVENIENCE MART WOODLANDS MART
213,Woodlands North Plaza,Unknown,Unknown,1.442509261327166,103.7906018262636,,883 WOODLANDS STREET 82 7 ELEVEN WOODLANDS NORTH PLAZA
214,Woodlands Regional Centre,Unknown,Unknown,1.451934552427674,103.802904054254,738320,7 WOODLANDS WALK KSB REGIONAL CENTER SINGAPORE 738320
215,Chong Pang City,Unknown,Unknown,1.430832994617558,103.829006127711,768677,21 YISHUN RING ROAD CHONG PANG CITY SINGAPORE 768677
216,Nee Soon East Courtyard,Unknown,Unknown,1.436288972926408,103.8370270366671,,NEE SOON EAST COURTYARD
217,Albert Centre,Unknown,Unknown,1.301102015734238,103.8541157790862,180270,270 QUEEN STREET ALBERT CENTRE SINGAPORE 180270
218,Bras Basah Complex,Unknown,Unknown,1.296815259288559,103.8536194822053,180231,231 BAIN STREET BRAS BASAH COMPLEX SINGAPORE 180231
219,Changi Village,Unknown,Unknown,1.388705940647076,103.9879801853468,,CHANGI VILLAGE
220,Cheng Yan Court,Unknown,Unknown,1.30035670883377,103.8534663603071,182269,269B QUEEN STREET CHENG YAN COURT SINGAPORE 182269
221,Chinatown Complex,Unknown,Unknown,1.28227496052711,103.8432385180712,050335,335 SMITH STREET CHINATOWN COMPLEX SINGAPORE 050335
222,Crawford Centre,Unknown,Unknown,1.304802505395983,103.8621555590924,190464,464 CRAWFORD LANE CRAWFORD CENTRE SINGAPORE 190464
223,Hong Lim Complex,Unknown,Unknown,1.284392382174826,103.8461014719971,050531,531 UPPER CROSS STREET HONG LIM COMPLEX SINGAPORE 050531
224,Kitchener Complex,Unknown,Unknown,1.308810282348931,103.8619069738904,,808 FRENCH ROAD ARTSENI KITCHENER COMPLEX
225,Potong Pasir,Unknown,Unknown,1.335740847343736,103.8656655961177,,121 POTONG PASIR AVENUE 1 JALAN BESAR TOWN COUNCIL (POTONG PASIR OFFICE)
226,Rochor Centre,Unknown,Unknown,1.307619414430839,103.8542189067751,,11 KAMPONG KAPOR ROAD NEIGHBOURHOOD POLICE CENTRE ROCHOR
227,Tanjong Pagar Plaza,Unknown,Unknown,1.275154977226049,103.8423931632715,082001,1 TANJONG PAGAR PLAZA TANJONG PAGAR PLAZA SINGAPORE 082001
228,Upper Aljunied,Unknown,Unknown,1.332235278449508,103.8790511574748,367859,373 UPPER ALJUNIED ROAD ESSO UPPER ALJUNIED SINGAPORE 367859
229,Waterloo Centre,Unknown,Unknown,1.298694452515225,103.8520820134851,180261,261 WATERLOO STREET WATERLOO CENTRE SINGAPORE 180261
230,Zhujiao Centre,Unknown,Unknown,1.306247229149706,103.8499560339021,210662,662 BUFFALO ROAD ZHUJIAO CENTRE (TEKKA MARKET) SINGAPORE 210662
